ym,cpi_air,cpi_all,cpi_shinkansen,ci_coincident,dubai_usd,jpy_per_usd
200501,96.9,95.3,95.5,115.6,38.32,103.341
200502,90.1,95.0,94.1,114.6,39.673,104.9442
200503,107.3,95.3,96.3,115.8,46.07565217391304,105.2543
200504,88.7,95.4,96.1,117.2,47.09619047619048,107.1938
200505,91.7,95.5,95.9,116,45.07409090909091,106.5952
200506,88.9,95.1,93.9,116.5,51.09909090909091,108.7473
200507,96.1,95.0,96.3,115.9,52.97857142857143,111.9535
200508,109.2,95.1,97.9,116.6,56.83478260869565,110.6065
200509,94.3,95.4,94.2,116.9,56.92863636363636,111.239
200510,92.1,95.4,95.4,117.4,53.58285714285714,114.8695
200511,91.6,95.0,94.2,118.3,51.39818181818182,118.454
200512,102.8,95.1,95.0,119,53.24,118.4624
200601,95.4,95.2,95.4,119.5,58.46272727272727,115.4765
200602,88.3,94.9,94.0,120,57.337,117.8605
200603,107.6,95.1,96.3,120.4,58.44521739130435,117.2778
200604,87.8,95.3,96.1,120.9,64.5375,117.0695
200605,89.7,95.6,95.9,121.2,65.30130434782609,111.7305
200606,87.4,95.6,94.0,121.3,65.16454545454545,114.625
200607,95.6,95.3,96.3,121.7,69.01380952380951,115.767
200608,109.2,96.0,97.9,122.1,68.74826086956521,115.9243
200609,89.7,96.0,94.2,121.8,59.61047619047619,117.2145
200610,86.3,95.8,95.4,122.3,56.34181818181818,118.609
200611,87.5,95.3,94.2,122.3,56.82863636363636,117.3205
200612,93.7,95.4,95.0,122.2,58.4147619047619,117.322
200701,90.1,95.2,95.4,122.3,51.83826086956522,120.4471
200702,87.4,94.7,94.1,122.4,55.8785,120.5047
200703,92.3,95.0,96.3,121.8,59.00636363636364,117.26
200704,90.2,95.3,96.1,122.8,63.87047619047619,118.9324
200705,90.6,95.6,95.9,123.4,64.47826086956522,120.7732
200706,90.0,95.4,94.1,123.1,66.2052380952381,122.6886
200707,97.9,95.3,96.3,122.1,70.12454545454545,121.4148
200708,113.1,95.8,97.9,123.4,67.3391304347826,116.7335
200709,91.3,95.8,94.2,122,73.445,115.0435
200710,91.3,96.0,95.4,122.9,77.94,115.8661
200711,91.2,95.9,94.1,121.8,86.47363636363636,111.0729
200712,98.2,96.0,95.0,122,86.25857142857143,112.449
200801,99.2,95.9,95.4,121.4,87.22260869565217,107.8181
200802,91.2,95.7,94.1,121.5,90.0652380952381,107.03
200803,96.7,96.1,96.3,120.9,96.37380952380953,100.7562
200804,94.8,96.0,96.1,120,103.8627272727273,102.6777
200805,97.3,96.8,95.9,120.2,119.3159090909091,104.3595
200806,97.5,97.3,94.0,117.7,128.2157142857143,106.9152
200807,105.6,97.5,96.3,117.3,130.0826086956522,106.8518
200808,117.5,97.8,97.9,113.6,112.6190476190476,109.3624
200809,99.6,97.8,94.2,112.6,96.27636363636364,106.5748
200810,98.7,97.7,95.4,109.1,67.53608695652174,99.9659
200811,97.7,96.8,94.2,102.6,49.896,96.9656
200812,105.8,96.4,95.0,96.8,39.4195652173913,91.275
200901,102.8,95.9,95.5,88.4,43.74681818181818,90.1205
200902,98.2,95.6,94.2,83.8,42.13,92.9158
200903,104.1,95.9,96.3,83.5,44.73954545454545,97.855
200904,96.8,96.0,96.1,85,48.84590909090909,98.92
200905,98.4,95.8,95.9,86.6,57.33285714285714,96.6445
200906,97.4,95.6,93.9,88.2,67.85363636363635,96.6145
200907,102.6,95.3,96.3,89.1,65.52217391304347,94.367
200908,116.7,95.6,97.9,90.9,71.75571428571429,94.8971
200909,98.6,95.6,94.2,93.4,67.54681818181818,91.2748
200910,96.2,95.2,95.4,95.6,73.22318181818181,90.3671
200911,95.2,95.0,94.2,97.3,77.10571428571428,89.2674
200912,103.7,94.8,95.0,98.9,74.6608695652174,89.9509
201001,102.1,94.9,95.6,102,76.26761904761905,91.1011
201002,95.7,94.9,93.5,102.6,73.727,90.1395
201003,103.5,95.1,96.8,104.1,78.15695652173913,90.7161
201004,85.3,95.1,96.4,105.1,83.2840909090909,93.4527
201005,87.3,95.1,96.1,104.7,76.1347619047619,91.973
201006,85.1,94.9,93.1,105.3,74.23954545454545,90.8059
201007,89.6,94.4,96.8,105.9,73.0909090909091,87.5005
201008,120.4,94.5,99.2,106.2,74.53545454545456,85.3727
201009,86.8,94.7,93.5,107.1,75.80727272727273,84.3571
201010,97.0,95.0,95.4,106.5,80.44190476190477,81.7285
201011,95.5,94.7,93.7,108.5,83.455,82.518
201012,112.7,94.5,95.0,108.7,89.23173913043478,83.3376
201101,109.1,94.4,95.6,108.6,92.70190476190476,82.625
201102,100.0,94.4,93.5,110,99.661,82.5368
201103,106.9,94.6,96.8,102.2,108.0373913043478,81.647
201104,99.6,94.7,96.4,100.9,115.8195238095238,83.1771
201105,100.2,94.7,96.2,103.4,108.22727272727272,81.1257
201106,100.1,94.6,93.1,105.8,107.4313636363636,80.4259
201107,109.5,94.6,96.8,107,110.94714285714288,79.2425
201108,123.8,94.7,99.2,108.1,104.9069565217391,76.9657
201109,101.2,94.7,93.5,108.9,104.7027272727273,76.7957
201110,99.0,94.8,95.4,110.6,103.6204761904762,76.643
201111,95.9,94.2,93.6,109,106.7968181818182,77.5595
201112,110.0,94.3,95.0,111,104.3909090909091,77.7967
201201,108.1,94.5,95.6,111.2,108.6045454545455,76.964
201202,97.7,94.7,93.5,112.1,116.6761904761905,78.47
201203,104.7,95.1,96.8,113.5,122.5986363636364,82.4659
201204,95.9,95.2,96.4,111.9,117.4971428571429,81.2524
201205,97.6,94.9,96.2,111.7,107.6508695652174,79.6668
201206,96.7,94.4,93.1,109.4,94.43809523809524,79.3152
201207,105.6,94.1,96.8,108.8,99.96454545454544,78.9348
201208,125.6,94.3,99.2,108.6,108.95478260869568,78.6909
201209,97.2,94.4,93.5,107.2,110.8535,78.1353
201210,96.2,94.4,95.4,107.1,108.4269565217391,79.0132
201211,95.6,94.1,93.6,106.5,107.10545454545452,81.0305
201212,102.3,94.1,95.0,107.9,106.397619047619,83.7905
201301,94.3,94.2,95.6,108.1,108.1865217391304,89.0581
201302,96.7,94.0,93.5,109.2,111.1215,93.0016
201303,102.5,94.2,96.8,111,105.7042857142857,94.77
201304,95.7,94.5,96.4,111.5,101.495,97.7582
201305,96.9,94.6,96.2,112.9,100.5217391304348,100.9186
201306,96.2,94.6,93.1,112.6,100.3855,97.235
201307,105.9,94.8,96.8,113.6,103.82869565217392,99.6727
201308,121.4,95.1,99.2,114.7,107.0713636363636,97.8123
201309,98.0,95.4,93.5,115.5,108.0738095238095,99.21
201310,96.7,95.5,95.4,116.2,106.8660869565217,97.77
201311,96.1,95.5,93.6,117.3,106.06,100.0737
201312,101.2,95.6,95.0,117.3,107.9322727272727,103.46
201401,92.0,95.5,95.6,118.8,103.7678260869565,103.7614
201402,94.2,95.5,93.5,118.6,105.2585,102.1253
201403,104.4,95.7,96.8,120.6,104.3442857142857,102.3395
201404,91.6,97.7,99.2,116.4,104.8209090909091,102.4582
201405,92.8,98.1,98.9,117,105.53409090909092,101.7738
201406,92.3,98.0,95.9,115.7,108.1680952380952,102.0629
201407,106.1,98.1,99.5,116.3,105.9578260869565,101.74
201408,121.6,98.3,101.9,115.5,101.6080952380952,102.9438
201409,100.8,98.5,96.3,117,96.38,107.4257
201410,100.4,98.2,98.2,116.8,86.37782608695652,108.0264
201411,102.8,97.9,96.4,116.2,76.1195,116.2994
201412,108.1,97.9,97.7,116.4,59.82565217391304,119.3233
201501,98.4,97.8,98.5,118.3,46.49227272727273,118.25
201502,99.5,97.6,95.9,116.8,55.92,118.76
201503,108.1,97.9,99.8,116.2,54.31681818181818,120.3945
201504,99.2,98.4,99.4,117.3,58.43363636363636,119.5095
201505,102.0,98.7,99.0,116.6,63.17809523809524,120.798
201506,102.1,98.4,95.4,117.3,61.79727272727273,123.7186
201507,112.2,98.3,99.8,117.2,55.98739130434783,123.3109
201508,129.7,98.4,102.7,116.2,47.98095238095238,123.0038
201509,106.5,98.5,95.9,117.1,45.19136363636364,120.1476
201510,103.3,98.5,98.2,116.9,45.85954545454545,120.0481
201511,101.5,98.1,96.0,116.2,41.59714285714286,122.6432
201512,104.1,98.1,97.6,115.3,34.13826086956522,121.635
201601,98.1,97.7,98.5,116.6,27.45809523809524,118.2258
201602,98.9,97.8,95.9,115.6,29.67285714285714,114.6155
201603,107.4,97.9,99.8,115.9,35.45,112.9317
201604,98.6,98.1,99.4,115.6,39.32380952380952,109.5519
201605,99.7,98.2,99.0,115.3,44.35,108.8481
201606,99.7,98.1,95.4,115.6,46.31590909090909,105.3509
201607,110.7,97.9,99.8,116.1,42.4447619047619,104.191
201608,122.4,97.9,102.7,116.4,43.96913043478261,101.2383
201609,102.5,98.0,95.9,116.9,43.67636363636364,101.7843
201610,100.8,98.6,98.2,117.6,48.80238095238095,103.9075
201611,97.6,98.6,96.0,119.3,44.03954545454545,108.443
201612,98.7,98.4,97.6,119.4,52.13681818181818,115.9981
201701,93.5,98.2,98.5,118.9,53.56909090909091,114.8721
201702,96.6,98.1,95.9,119.5,54.295,112.9116
201703,101.3,98.1,99.8,119.7,51.02130434782609,112.9165
201704,92.0,98.5,99.4,120.9,52.5545,110.091
201705,94.0,98.6,99.0,120.8,50.13434782608696,112.2436
201706,94.1,98.5,95.4,121.4,46.35636363636364,110.9141
201707,107.8,98.3,99.8,120.7,47.79238095238095,112.417
201708,113.6,98.5,102.7,122.3,50.2695652173913,109.827
201709,99.9,98.8,95.9,121.2,53.92285714285714,110.776
201710,99.2,98.8,98.2,121.5,55.77454545454545,112.9148
201711,98.3,99.1,96.0,123,60.58681818181818,112.819
201712,100.8,99.4,97.6,124.4,61.38428571428571,112.9405
201801,93.2,99.5,98.5,122.5,66.02478260869565,110.871
201802,94.5,99.5,95.9,122.1,62.631,107.97
201803,101.9,99.2,99.8,122.6,63.91727272727273,106.0468
201804,94.7,99.1,99.4,123,68.66714285714286,107.6562
201805,93.6,99.3,99.0,123,74.07782608695652,109.6882
201806,96.3,99.2,95.4,122.7,73.31142857142856,110.0638
201807,109.1,99.2,99.8,121.9,72.76954545454545,111.521
201808,117.1,99.8,102.7,122.2,72.59478260869565,110.9965
201809,101.7,99.9,95.9,120,76.925,112.0974
201810,99.2,100.2,98.2,122,78.76260869565218,112.7218
201811,98.8,100.0,96.0,120.1,64.68590909090909,113.338
201812,98.2,99.7,97.6,119.3,55.66904761904762,112.1994
201901,95.0,99.7,98.5,117.5,59.15913043478261,108.9605
201902,96.4,99.7,95.9,119.7,64.548,110.44
201903,102.5,99.7,99.8,119.4,66.95238095238095,111.1443
201904,94.3,100.0,99.4,118.9,70.93954545454545,111.6414
201905,95.0,100.0,99.0,119.3,68.66739130434783,109.9714
201906,96.5,99.8,95.4,116.9,60.915,108.0685
201907,108.0,99.8,99.8,116.8,62.86086956521739,108.2864
201908,119.5,100.0,102.7,116.4,58.50409090909091,106.1886
201909,102.6,100.1,95.9,117.7,60.85619047619048,107.54
201910,101.0,100.4,100.0,112.3,58.86347826086957,108.1368
201911,101.5,100.5,97.9,111.6,61.22,108.8579
201912,101.7,100.5,99.4,111.5,64.45318181818182,109.101
202001,100.5,100.5,100.1,110.4,63.12521739130435,109.2667
202002,98.6,100.3,98.0,108.9,54.0485,110.0295
202003,106.2,100.3,101.6,106.1,33.50909090909091,107.6673
202004,96.8,100.2,101.2,94.4,26.19272727272727,107.7386
202005,100.1,100.1,100.9,87.1,32.60285714285714,107.2
202006,94.6,99.9,97.3,89.9,40.06863636363636,107.5782
202007,106.2,100.0,101.6,95.2,42.53391304347826,106.6818
202008,114.3,100.1,104.5,96.9,43.91714285714286,106.0129
202009,93.4,99.9,97.6,99.5,41.37318181818182,105.589
202010,93.5,99.8,100.0,103.5,40.81454545454545,105.2095
202011,97.9,99.5,97.9,104,43.47380952380952,104.4061
202012,97.8,99.3,99.4,104.1,49.62695652173913,103.7952
202101,95.6,99.8,100.1,106.8,54.64666666666667,103.7883
202102,95.6,99.8,98.0,106.4,61.2505,105.3774
202103,104.4,99.9,101.6,108.8,64.28782608695651,108.6991
202104,95.1,99.1,101.2,111.1,63.12863636363636,109.0445
202105,98.4,99.4,100.9,109.8,66.35,109.112
202106,96.3,99.5,97.3,110.3,71.30363636363636,110.1073
202107,106.6,99.7,101.6,109.8,72.13681818181819,110.2143
202108,111.1,99.7,104.5,107.1,68.73136363636364,109.8527
202109,99.5,100.1,97.6,105.1,72.75818181818182,110.161
202110,97.3,99.9,100.0,106.9,81.43714285714286,113.1215
202111,99.7,100.1,97.9,111.5,78.65772727272727,113.965
202112,105.0,100.1,99.4,111.5,72.84782608695652,113.8329
202201,99.9,100.3,100.1,111.1,83.45095238095239,114.8255
202202,101.5,100.7,98.0,111.7,91.525,115.2763
202203,108.9,101.1,101.6,111.9,107.5878260869565,118.5774
202204,101.2,101.5,101.2,112.3,102.7552380952381,126.3743
202205,105.2,101.8,100.9,111.7,107.8613636363636,128.8486
202206,101.2,101.8,97.3,113.5,111.8595454545455,133.9619
202207,114.9,102.3,101.1,114,100.3185714285714,136.709
202208,129.0,102.7,104.3,115.2,95.69304347826088,135.2835
202209,107.4,103.1,97.8,114.6,89.74272727272727,143.2843
202210,107.5,103.7,99.9,114.2,91.2147619047619,147.0515
202211,107.1,103.9,97.9,113.9,84.5990909090909,142.445
202212,109.3,104.1,99.3,113.4,76.8559090909091,134.9148
202301,102.3,104.7,100.0,113.1,80.905,130.4475
202302,101.4,104.0,98.0,114.7,81.275,133.0463
202303,114.7,104.4,101.5,114.8,78.2708695652174,133.6643
202304,104.0,105.1,100.4,114.9,83.4085,133.4745
202305,107.0,105.1,102.0,115.3,74.7891304347826,137.0532
202306,101.2,105.2,97.9,115.4,74.72954545454544,141.3581
202307,117.6,105.7,100.0,115.2,80.64571428571429,140.936
202308,127.2,105.9,103.2,115.4,86.12304347826087,144.7804
202309,110.2,106.2,98.9,115.8,93.23857142857145,147.845
202310,111.5,107.1,101.6,115.8,88.78772727272727,149.5933
202311,110.7,106.9,102.0,114.9,82.64090909090909,149.679
202312,112.0,106.8,99.7,116,77.56952380952382,143.9815
202401,108.2,106.9,99.8,113.1,79.58217391304348,146.2943
202402,108.8,106.9,99.1,112.9,82.80904761904762,149.615
202403,116.8,107.2,102.0,113.8,86.63380952380952,149.8186
202404,108.0,107.7,100.4,114.6,90.86954545454545,153.89
202405,108.9,108.1,102.0,115.5,84.66608695652174,155.8691
202406,108.4,108.2,97.9,114.7,84.1125,157.86
202407,115.8,108.6,100.0,115.5,85.2013043478261,157.5182
202408,125.2,109.1,103.2,114.1,80.08909090909091,146.2641
202409,113.4,108.9,98.9,114.3,73.76,142.954
202410,112.1,109.5,101.6,115.9,76.07,149.8909
202411,110.2,110.0,102.0,115.3,74.09285714285714,153.7126
202412,112.1,110.7,99.7,116.4,74.00272727272727,153.8143
202501,105.6,111.2,99.8,116.3,80.80434782608695,156.4819
202502,104.6,110.8,99.1,116.7,76.3215,151.5716
202503,113.9,111.1,102.0,116,72.97809523809524,149.0576
202504,105.7,111.5,100.7,115.8,68.48954545454545,144.1286
202505,110.3,111.8,102.3,115.8,63.60727272727273,144.8762
202506,107.9,111.7,98.2,115.6,69.36285714285714,144.4835
202507,113.8,111.9,100.3,114.9,71.04304347826087,147.2014
202508,123.3,112.1,103.5,114,69.38809523809525,147.4786
202509,110.5,112.0,99.2,115.2,69.91909090909091,147.8629
202510,113.4,112.8,101.9,115.8,64.59869565217392,151.3545
202511,113.6,113.2,102.3,115,64.3555,155.1411
202512,112.2,113.0,100.0,114.6,61.83,155.915
202601,106.3,112.9,100.1,118,62.72818181818182,156.6505
202602,105.5,112.2,99.4,116.6,68.5085,155.1016
202603,114.2,112.7,102.3,117,126.7063636363636,158.6827
202604,106.3,113.0,100.7,118.3,105.29909090909092,159.1173
202605,108.9,113.5,102.3,118.3,100.3642857142857,158.153
202606,105.6,113.6,98.2,118.9,79.53954545454545,160.77
202607,113.3,114.2,100.3,120.6,77.13181818181818,162.3295
