route,year,month,pax,seats
ITM-CTS,2006,1,138626.0,188119.0
ITM-CTS,2006,2,106490.0,129890.0
ITM-CTS,2006,3,109321.0,128880.0
ITM-CTS,2006,4,50112.0,78610.0
ITM-CTS,2006,5,71271.0,82994.0
ITM-CTS,2006,6,75166.0,80715.0
ITM-CTS,2006,7,92015.0,106814.0
ITM-CTS,2006,8,106563.0,124808.0
ITM-CTS,2006,9,77044.0,81179.0
ITM-CTS,2006,10,73683.0,83362.0
ITM-CTS,2006,11,59970.0,80682.0
ITM-CTS,2006,12,65356.0,91428.0
ITM-CTS,2007,1,73626.0,89149.0
ITM-CTS,2007,2,66142.0,75376.0
ITM-CTS,2007,3,70240.0,83362.0
ITM-CTS,2007,4,38439.0,63070.0
ITM-CTS,2007,5,53525.0,66558.0
ITM-CTS,2007,6,55398.0,64321.0
ITM-CTS,2007,7,66535.0,85875.0
ITM-CTS,2007,8,81113.0,99951.0
ITM-CTS,2007,9,58525.0,64440.0
ITM-CTS,2007,10,54228.0,66588.0
ITM-CTS,2007,11,39135.0,64335.0
ITM-CTS,2007,12,49160.0,78468.0
ITM-CTS,2008,1,56112.0,72441.0
ITM-CTS,2008,2,42604.0,58570.0
ITM-CTS,2008,3,44362.0,66072.0
ITM-CTS,2008,4,33858.0,49740.0
ITM-CTS,2008,5,43814.0,51396.0
ITM-CTS,2008,6,43502.0,49740.0
ITM-CTS,2008,7,53383.0,66636.0
ITM-CTS,2008,8,69029.0,85116.0
ITM-CTS,2008,9,45631.0,49740.0
ITM-CTS,2008,10,44864.0,51271.0
ITM-CTS,2008,11,34073.0,49281.0
ITM-CTS,2008,12,43301.0,61629.0
ITM-CTS,2009,1,49125.0,59926.0
ITM-CTS,2009,2,33390.0,42690.0
ITM-CTS,2009,3,39726.0,50840.0
ITM-CTS,2009,4,26483.0,49200.0
ITM-CTS,2009,5,33479.0,47057.0
ITM-CTS,2009,6,40487.0,50529.0
ITM-CTS,2009,7,52735.0,65734.0
ITM-CTS,2009,8,66531.0,81971.0
ITM-CTS,2009,9,47478.0,52470.0
ITM-CTS,2009,10,43838.0,51655.0
ITM-CTS,2009,11,37468.0,57299.0
ITM-CTS,2009,12,47108.0,72809.0
ITM-CTS,2010,1,48927.0,63053.0
ITM-CTS,2010,2,41756.0,53480.0
ITM-CTS,2010,3,44604.0,58755.0
ITM-CTS,2010,4,29680.0,57300.0
ITM-CTS,2010,5,45515.0,58914.0
ITM-CTS,2010,6,48222.0,56877.0
ITM-CTS,2010,7,59891.0,76261.0
ITM-CTS,2010,8,70905.0,90115.0
ITM-CTS,2010,9,51314.0,56845.0
ITM-CTS,2010,10,47700.0,57832.0
ITM-CTS,2010,11,31996.0,56774.0
ITM-CTS,2010,12,40998.0,72204.0
ITM-CTS,2011,1,51278.0,63816.0
ITM-CTS,2011,2,39734.0,53050.0
ITM-CTS,2011,3,35362.0,57872.0
ITM-CTS,2011,4,20508.0,49029.0
ITM-CTS,2011,5,40199.0,62153.0
ITM-CTS,2011,6,42172.0,55968.0
ITM-CTS,2011,7,54515.0,81963.0
ITM-CTS,2011,8,73097.0,100494.0
ITM-CTS,2011,9,49730.0,57409.0
ITM-CTS,2011,10,49366.0,59276.0
ITM-CTS,2011,11,30677.0,47748.0
ITM-CTS,2011,12,44502.0,66630.0
ITM-CTS,2012,1,51983.0,62291.0
ITM-CTS,2012,2,34807.0,43146.0
ITM-CTS,2012,3,34866.0,45516.0
ITM-CTS,2012,4,23262.0,42548.0
ITM-CTS,2012,5,36075.0,44451.0
ITM-CTS,2012,6,42521.0,52620.0
ITM-CTS,2012,7,45939.0,66511.0
ITM-CTS,2012,8,57757.0,79860.0
ITM-CTS,2012,9,38161.0,42910.0
ITM-CTS,2012,10,46127.0,59604.0
ITM-CTS,2012,11,25414.0,42097.0
ITM-CTS,2012,12,34042.0,54832.0
ITM-CTS,2013,1,41922.0,53014.0
ITM-CTS,2013,2,28718.0,41541.0
ITM-CTS,2013,3,29888.0,43521.0
ITM-CTS,2013,4,21448.0,42209.0
ITM-CTS,2013,5,45104.0,54551.0
ITM-CTS,2013,6,45624.0,52760.0
ITM-CTS,2013,7,57286.0,72233.0
ITM-CTS,2013,8,68908.0,79469.0
ITM-CTS,2013,9,49225.0,53405.0
ITM-CTS,2013,10,49571.0,54681.0
ITM-CTS,2013,11,37383.0,52919.0
ITM-CTS,2013,12,42611.0,63359.0
ITM-CTS,2014,1,49224.0,59541.0
ITM-CTS,2014,2,44675.0,58358.0
ITM-CTS,2014,3,43217.0,55827.0
ITM-CTS,2014,4,42792.0,72866.0
ITM-CTS,2014,5,62570.0,76035.0
ITM-CTS,2014,6,67668.0,75925.0
ITM-CTS,2014,7,74846.0,91582.0
ITM-CTS,2014,8,88338.0,111062.0
ITM-CTS,2014,9,81257.0,97384.0
ITM-CTS,2014,10,86021.0,99995.0
ITM-CTS,2014,11,58015.0,78552.0
ITM-CTS,2014,12,61245.0,93546.0
ITM-CTS,2015,1,68984.0,84735.0
ITM-CTS,2015,2,61465.0,75130.0
ITM-CTS,2015,3,64163.0,78959.0
ITM-CTS,2015,4,57480.0,108066.0
ITM-CTS,2015,5,83365.0,112606.0
ITM-CTS,2015,6,84603.0,115240.0
ITM-CTS,2015,7,97086.0,141289.0
ITM-CTS,2015,8,107655.0,162865.0
ITM-CTS,2015,9,97737.0,117542.0
ITM-CTS,2015,10,94514.0,114606.0
ITM-CTS,2015,11,75770.0,109801.0
ITM-CTS,2015,12,80958.0,130642.0
ITM-CTS,2016,1,96782.0,131274.0
ITM-CTS,2016,2,76676.0,107367.0
ITM-CTS,2016,3,82410.0,115080.0
ITM-CTS,2016,4,61511.0,109029.0
ITM-CTS,2016,5,78876.0,114669.0
ITM-CTS,2016,6,87702.0,116224.0
ITM-CTS,2016,7,101239.0,137695.0
ITM-CTS,2016,8,110690.0,152721.0
ITM-CTS,2016,9,105866.0,128163.0
ITM-CTS,2016,10,103357.0,133201.0
ITM-CTS,2016,11,81329.0,110585.0
ITM-CTS,2016,12,81373.0,122754.0
ITM-CTS,2017,1,98387.0,136000.0
ITM-CTS,2017,2,79394.0,110477.0
ITM-CTS,2017,3,87934.0,113067.0
ITM-CTS,2017,4,65862.0,109870.0
ITM-CTS,2017,5,86489.0,114403.0
ITM-CTS,2017,6,88108.0,112940.0
ITM-CTS,2017,7,102920.0,143425.0
ITM-CTS,2017,8,118256.0,156596.0
ITM-CTS,2017,9,104828.0,128298.0
ITM-CTS,2017,10,109427.0,134484.0
ITM-CTS,2017,11,87659.0,119400.0
ITM-CTS,2017,12,83078.0,130587.0
ITM-CTS,2018,1,98506.0,132591.0
ITM-CTS,2018,2,83526.0,108316.0
ITM-CTS,2018,3,86073.0,111634.0
ITM-CTS,2018,4,69411.0,112614.0
ITM-CTS,2018,5,86096.0,114980.0
ITM-CTS,2018,6,92108.0,111950.0
ITM-CTS,2018,7,107809.0,142420.0
ITM-CTS,2018,8,123620.0,158182.0
ITM-CTS,2018,9,81826.0,119830.0
ITM-CTS,2018,10,101048.0,129399.0
ITM-CTS,2018,11,87510.0,119375.0
ITM-CTS,2018,12,90781.0,131842.0
ITM-CTS,2019,1,102829.0,129419.0
ITM-CTS,2019,2,88037.0,112088.0
ITM-CTS,2019,3,91517.0,117433.0
ITM-CTS,2019,4,73756.0,110258.0
ITM-CTS,2019,5,92855.0,113938.0
ITM-CTS,2019,6,93853.0,113441.0
ITM-CTS,2019,7,108289.0,146772.0
ITM-CTS,2019,8,127930.0,159793.0
ITM-CTS,2019,9,112874.0,127366.0
ITM-CTS,2019,10,101377.0,119590.0
ITM-CTS,2019,11,92917.0,116681.0
ITM-CTS,2019,12,90427.0,130011.0
ITM-CTS,2021,1,26486.0,82827.0
ITM-CTS,2021,2,23793.0,41846.0
ITM-CTS,2021,3,45179.0,62492.0
ITM-CTS,2021,4,30363.0,69132.0
ITM-CTS,2021,5,23780.0,68098.0
ITM-CTS,2021,6,26899.0,62352.0
ITM-CTS,2021,7,58366.0,92483.0
ITM-CTS,2021,8,54390.0,104306.0
ITM-CTS,2021,9,39085.0,102434.0
ITM-CTS,2021,10,64326.0,105944.0
ITM-CTS,2021,11,72267.0,95060.0
ITM-CTS,2021,12,81055.0,112452.0
ITM-CTS,2022,1,61990.0,97027.0
ITM-CTS,2022,2,35022.0,79212.0
ITM-CTS,2022,3,66113.0,97230.0
ITM-CTS,2022,4,58187.0,90147.0
ITM-CTS,2022,5,71673.0,97602.0
ITM-CTS,2022,6,82423.0,97155.0
ITM-CTS,2022,7,101203.0,117740.0
ITM-CTS,2022,8,108439.0,129152.0
ITM-CTS,2022,9,95000.0,106960.0
ITM-CTS,2022,10,94620.0,106134.0
ITM-CTS,2022,11,91170.0,111749.0
ITM-CTS,2022,12,92233.0,131741.0
ITM-CTS,2023,1,92463.0,122271.0
ITM-CTS,2023,2,86988.0,100228.0
ITM-CTS,2023,3,103301.0,117227.0
ITM-CTS,2023,4,90018.0,115300.0
ITM-CTS,2023,5,104131.0,120343.0
ITM-CTS,2023,6,107099.0,116071.0
ITM-CTS,2023,7,126279.0,150515.0
ITM-CTS,2023,8,141552.0,165789.0
ITM-CTS,2023,9,117535.0,130977.0
ITM-CTS,2023,10,113543.0,129629.0
ITM-CTS,2023,11,95083.0,118748.0
ITM-CTS,2023,12,101680.0,135719.0
ITM-CTS,2024,1,113307.0,133103.0
ITM-CTS,2024,2,104958.0,114627.0
ITM-CTS,2024,3,111677.0,122214.0
ITM-CTS,2024,4,84088.0,118676.0
ITM-CTS,2024,5,99373.0,116659.0
ITM-CTS,2024,6,103212.0,113546.0
ITM-CTS,2024,7,127454.0,153272.0
ITM-CTS,2024,8,144016.0,173553.0
ITM-CTS,2024,9,121960.0,131379.0
ITM-CTS,2024,10,119696.0,128295.0
ITM-CTS,2024,11,105179.0,121051.0
ITM-CTS,2024,12,113106.0,139544.0
ITM-CTS,2025,1,116025.0,131832.0
ITM-CTS,2025,2,106068.0,115531.0
ITM-CTS,2025,3,114828.0,125750.0
ITM-CTS,2025,4,91126.0,115280.0
ITM-CTS,2025,5,109839.0,125652.0
ITM-CTS,2025,6,119229.0,127949.0
ITM-CTS,2025,7,133007.0,146747.0
ITM-CTS,2025,8,153885.0,165280.0
ITM-CTS,2025,9,123199.0,129404.0
ITM-CTS,2025,10,124620.0,132831.0
ITM-CTS,2025,11,109206.0,120029.0
ITM-CTS,2025,12,113926.0,134621.0
ITM-OKA,2006,1,77045.0,112392.0
ITM-OKA,2006,2,68883.0,88216.0
ITM-OKA,2006,3,71223.0,85855.0
ITM-OKA,2006,4,50089.0,58222.0
ITM-OKA,2006,5,53625.0,61044.0
ITM-OKA,2006,6,44417.0,55680.0
ITM-OKA,2006,7,53830.0,79630.0
ITM-OKA,2006,8,78263.0,95567.0
ITM-OKA,2006,9,45254.0,55012.0
ITM-OKA,2006,10,46439.0,56644.0
ITM-OKA,2006,11,38593.0,55407.0
ITM-OKA,2006,12,41122.0,69692.0
ITM-OKA,2007,1,47128.0,67390.0
ITM-OKA,2007,2,42207.0,51574.0
ITM-OKA,2007,3,49622.0,57102.0
ITM-OKA,2007,4,51969.0,60940.0
ITM-OKA,2007,5,57127.0,63487.0
ITM-OKA,2007,6,43354.0,54400.0
ITM-OKA,2007,7,54772.0,74187.0
ITM-OKA,2007,8,80718.0,89539.0
ITM-OKA,2007,9,45509.0,53484.0
ITM-OKA,2007,10,39346.0,56667.0
ITM-OKA,2007,11,36046.0,54900.0
ITM-OKA,2007,12,38444.0,68609.0
ITM-OKA,2008,1,38291.0,64399.0
ITM-OKA,2008,2,38977.0,59392.0
ITM-OKA,2008,3,49967.0,63478.0
ITM-OKA,2008,4,44833.0,61310.0
ITM-OKA,2008,5,53182.0,62898.0
ITM-OKA,2008,6,42093.0,60839.0
ITM-OKA,2008,7,51463.0,78107.0
ITM-OKA,2008,8,75184.0,96072.0
ITM-OKA,2008,9,48509.0,60839.0
ITM-OKA,2008,10,46584.0,62867.0
ITM-OKA,2008,11,41309.0,60838.0
ITM-OKA,2008,12,46774.0,76674.0
ITM-OKA,2009,1,44189.0,68177.0
ITM-OKA,2009,2,39051.0,55828.0
ITM-OKA,2009,3,50160.0,62868.0
ITM-OKA,2009,4,48121.0,60840.0
ITM-OKA,2009,5,42899.0,62867.0
ITM-OKA,2009,6,46451.0,60361.0
ITM-OKA,2009,7,53326.0,78258.0
ITM-OKA,2009,8,71394.0,92298.0
ITM-OKA,2009,9,50969.0,60838.0
ITM-OKA,2009,10,45358.0,62390.0
ITM-OKA,2009,11,38644.0,60614.0
ITM-OKA,2009,12,46413.0,77518.0
ITM-OKA,2010,1,40462.0,66616.0
ITM-OKA,2010,2,40317.0,56673.0
ITM-OKA,2010,3,49857.0,62650.0
ITM-OKA,2010,4,47773.0,60840.0
ITM-OKA,2010,5,55652.0,62867.0
ITM-OKA,2010,6,40573.0,60731.0
ITM-OKA,2010,7,53255.0,79588.0
ITM-OKA,2010,8,80714.0,91580.0
ITM-OKA,2010,9,52211.0,60836.0
ITM-OKA,2010,10,47762.0,62147.0
ITM-OKA,2010,11,45238.0,60718.0
ITM-OKA,2010,12,46352.0,74222.0
ITM-OKA,2011,1,47089.0,66282.0
ITM-OKA,2011,2,44748.0,56644.0
ITM-OKA,2011,3,50721.0,62867.0
ITM-OKA,2011,4,45980.0,60840.0
ITM-OKA,2011,5,54699.0,62868.0
ITM-OKA,2011,6,45317.0,60840.0
ITM-OKA,2011,7,50257.0,75614.0
ITM-OKA,2011,8,71607.0,81519.0
ITM-OKA,2011,9,51369.0,60840.0
ITM-OKA,2011,10,50019.0,62428.0
ITM-OKA,2011,11,44641.0,60838.0
ITM-OKA,2011,12,49988.0,83609.0
ITM-OKA,2012,1,47015.0,67978.0
ITM-OKA,2012,2,43353.0,58312.0
ITM-OKA,2012,3,50967.0,61868.0
ITM-OKA,2012,4,51478.0,60840.0
ITM-OKA,2012,5,55429.0,62868.0
ITM-OKA,2012,6,44986.0,59340.0
ITM-OKA,2012,7,49536.0,79444.0
ITM-OKA,2012,8,63869.0,81974.0
ITM-OKA,2012,9,50223.0,56065.0
ITM-OKA,2012,10,47132.0,61972.0
ITM-OKA,2012,11,44189.0,60837.0
ITM-OKA,2012,12,49844.0,68988.0
ITM-OKA,2013,1,44910.0,64917.0
ITM-OKA,2013,2,42707.0,55037.0
ITM-OKA,2013,3,52921.0,62868.0
ITM-OKA,2013,4,52376.0,60824.0
ITM-OKA,2013,5,55415.0,62867.0
ITM-OKA,2013,6,45259.0,55608.0
ITM-OKA,2013,7,64452.0,99790.0
ITM-OKA,2013,8,91031.0,113489.0
ITM-OKA,2013,9,69105.0,79690.0
ITM-OKA,2013,10,56816.0,83936.0
ITM-OKA,2013,11,50908.0,70146.0
ITM-OKA,2013,12,57046.0,87758.0
ITM-OKA,2014,1,51782.0,75194.0
ITM-OKA,2014,2,51053.0,61180.0
ITM-OKA,2014,3,72554.0,94687.0
ITM-OKA,2014,4,74222.0,105764.0
ITM-OKA,2014,5,100986.0,138683.0
ITM-OKA,2014,6,67088.0,99215.0
ITM-OKA,2014,7,75332.0,111192.0
ITM-OKA,2014,8,101389.0,133980.0
ITM-OKA,2014,9,91310.0,104407.0
ITM-OKA,2014,10,69890.0,101931.0
ITM-OKA,2014,11,68870.0,95699.0
ITM-OKA,2014,12,67709.0,106298.0
ITM-OKA,2015,1,67954.0,102334.0
ITM-OKA,2015,2,57973.0,89186.0
ITM-OKA,2015,3,81029.0,121343.0
ITM-OKA,2015,4,78937.0,102694.0
ITM-OKA,2015,5,90890.0,114099.0
ITM-OKA,2015,6,70574.0,107350.0
ITM-OKA,2015,7,67012.0,115301.0
ITM-OKA,2015,8,97079.0,153032.0
ITM-OKA,2015,9,87165.0,104220.0
ITM-OKA,2015,10,75046.0,111244.0
ITM-OKA,2015,11,78355.0,120771.0
ITM-OKA,2015,12,76386.0,130597.0
ITM-OKA,2016,1,75311.0,123574.0
ITM-OKA,2016,2,69316.0,110974.0
ITM-OKA,2016,3,88668.0,120505.0
ITM-OKA,2016,4,91195.0,125611.0
ITM-OKA,2016,5,101389.0,137346.0
ITM-OKA,2016,6,87968.0,130670.0
ITM-OKA,2016,7,83611.0,148204.0
ITM-OKA,2016,8,126394.0,173306.0
ITM-OKA,2016,9,105652.0,128430.0
ITM-OKA,2016,10,84786.0,125742.0
ITM-OKA,2016,11,84641.0,124507.0
ITM-OKA,2016,12,92087.0,137639.0
ITM-OKA,2017,1,82968.0,133190.0
ITM-OKA,2017,2,74820.0,115022.0
ITM-OKA,2017,3,103847.0,129378.0
ITM-OKA,2017,4,94480.0,130021.0
ITM-OKA,2017,5,104311.0,143851.0
ITM-OKA,2017,6,92456.0,136664.0
ITM-OKA,2017,7,87320.0,145679.0
ITM-OKA,2017,8,132342.0,163598.0
ITM-OKA,2017,9,104938.0,128787.0
ITM-OKA,2017,10,86215.0,125376.0
ITM-OKA,2017,11,96618.0,124621.0
ITM-OKA,2017,12,90290.0,132047.0
ITM-OKA,2018,1,80875.0,131733.0
ITM-OKA,2018,2,83092.0,114651.0
ITM-OKA,2018,3,106205.0,132253.0
ITM-OKA,2018,4,97460.0,131169.0
ITM-OKA,2018,5,105809.0,152235.0
ITM-OKA,2018,6,85425.0,133762.0
ITM-OKA,2018,7,82236.0,133929.0
ITM-OKA,2018,8,128522.0,154218.0
ITM-OKA,2018,9,102604.0,121073.0
ITM-OKA,2018,10,91033.0,127493.0
ITM-OKA,2018,11,98809.0,124569.0
ITM-OKA,2018,12,98438.0,135347.0
ITM-OKA,2019,1,84359.0,119093.0
ITM-OKA,2019,2,74906.0,98931.0
ITM-OKA,2019,3,104748.0,125768.0
ITM-OKA,2019,4,94576.0,125409.0
ITM-OKA,2019,5,111466.0,142371.0
ITM-OKA,2019,6,93401.0,133090.0
ITM-OKA,2019,7,100028.0,151634.0
ITM-OKA,2019,8,132140.0,156648.0
ITM-OKA,2019,9,89751.0,122560.0
ITM-OKA,2019,10,90352.0,124851.0
ITM-OKA,2019,11,97311.0,127619.0
ITM-OKA,2019,12,95925.0,136501.0
ITM-OKA,2021,1,26716.0,111358.0
ITM-OKA,2021,2,24149.0,88403.0
ITM-OKA,2021,3,52532.0,93929.0
ITM-OKA,2021,4,37841.0,98785.0
ITM-OKA,2021,5,29603.0,104202.0
ITM-OKA,2021,6,22333.0,93314.0
ITM-OKA,2021,7,34083.0,99423.0
ITM-OKA,2021,8,43430.0,121923.0
ITM-OKA,2021,9,26690.0,103253.0
ITM-OKA,2021,10,46385.0,109507.0
ITM-OKA,2021,11,68118.0,118693.0
ITM-OKA,2021,12,78896.0,140305.0
ITM-OKA,2022,1,44748.0,124488.0
ITM-OKA,2022,2,31411.0,96324.0
ITM-OKA,2022,3,71348.0,127772.0
ITM-OKA,2022,4,64161.0,116828.0
ITM-OKA,2022,5,72909.0,134084.0
ITM-OKA,2022,6,70387.0,117648.0
ITM-OKA,2022,7,99180.0,135579.0
ITM-OKA,2022,8,119430.0,160068.0
ITM-OKA,2022,9,74752.0,120056.0
ITM-OKA,2022,10,101590.0,129807.0
ITM-OKA,2022,11,98355.0,112897.0
ITM-OKA,2022,12,96242.0,125187.0
ITM-OKA,2023,1,79214.0,118342.0
ITM-OKA,2023,2,84303.0,103738.0
ITM-OKA,2023,3,112660.0,121848.0
ITM-OKA,2023,4,95040.0,117790.0
ITM-OKA,2023,5,95168.0,126527.0
ITM-OKA,2023,6,90292.0,112562.0
ITM-OKA,2023,7,98231.0,131009.0
ITM-OKA,2023,8,92557.0,116321.0
ITM-OKA,2023,9,82815.0,117105.0
ITM-OKA,2023,10,100377.0,122153.0
ITM-OKA,2023,11,95335.0,110018.0
ITM-OKA,2023,12,94112.0,120979.0
ITM-OKA,2024,1,87076.0,116238.0
ITM-OKA,2024,2,90548.0,103470.0
ITM-OKA,2024,3,106382.0,118740.0
ITM-OKA,2024,4,92737.0,115391.0
ITM-OKA,2024,5,97402.0,120378.0
ITM-OKA,2024,6,97071.0,118954.0
ITM-OKA,2024,7,109574.0,134007.0
ITM-OKA,2024,8,124742.0,142497.0
ITM-OKA,2024,9,90890.0,115437.0
ITM-OKA,2024,10,103753.0,119766.0
ITM-OKA,2024,11,102518.0,116942.0
ITM-OKA,2024,12,103827.0,129668.0
ITM-OKA,2025,1,93071.0,123072.0
ITM-OKA,2025,2,92703.0,107067.0
ITM-OKA,2025,3,112542.0,123724.0
ITM-OKA,2025,4,96512.0,117756.0
ITM-OKA,2025,5,103519.0,121766.0
ITM-OKA,2025,6,101495.0,117911.0
ITM-OKA,2025,7,115090.0,130497.0
ITM-OKA,2025,8,132124.0,139394.0
ITM-OKA,2025,9,108319.0,117465.0
ITM-OKA,2025,10,112256.0,119346.0
ITM-OKA,2025,11,107497.0,117029.0
ITM-OKA,2025,12,108359.0,128166.0
ITM-FUK,2006,1,76945.0,143917.0
ITM-FUK,2006,2,80792.0,138522.0
ITM-FUK,2006,3,98793.0,168096.0
ITM-FUK,2006,4,83186.0,146090.0
ITM-FUK,2006,5,86831.0,141151.0
ITM-FUK,2006,6,79156.0,143320.0
ITM-FUK,2006,7,82454.0,140604.0
ITM-FUK,2006,8,87993.0,141202.0
ITM-FUK,2006,9,82455.0,132709.0
ITM-FUK,2006,10,90700.0,134951.0
ITM-FUK,2006,11,84717.0,117643.0
ITM-FUK,2006,12,74624.0,121109.0
ITM-FUK,2007,1,68501.0,119645.0
ITM-FUK,2007,2,73611.0,109673.0
ITM-FUK,2007,3,82408.0,121563.0
ITM-FUK,2007,4,67815.0,118524.0
ITM-FUK,2007,5,71898.0,122949.0
ITM-FUK,2007,6,69133.0,134038.0
ITM-FUK,2007,7,69729.0,130608.0
ITM-FUK,2007,8,75094.0,133267.0
ITM-FUK,2007,9,72307.0,132327.0
ITM-FUK,2007,10,75119.0,133005.0
ITM-FUK,2007,11,78471.0,111512.0
ITM-FUK,2007,12,67195.0,106905.0
ITM-FUK,2008,1,59980.0,106708.0
ITM-FUK,2008,2,65801.0,99269.0
ITM-FUK,2008,3,75382.0,106794.0
ITM-FUK,2008,4,70214.0,93709.0
ITM-FUK,2008,5,76243.0,97400.0
ITM-FUK,2008,6,70938.0,94152.0
ITM-FUK,2008,7,70751.0,94216.0
ITM-FUK,2008,8,73706.0,93734.0
ITM-FUK,2008,9,68676.0,90552.0
ITM-FUK,2008,10,70080.0,93827.0
ITM-FUK,2008,11,75767.0,94437.0
ITM-FUK,2008,12,68395.0,96729.0
ITM-FUK,2009,1,61945.0,96815.0
ITM-FUK,2009,2,66692.0,93040.0
ITM-FUK,2009,3,77824.0,106631.0
ITM-FUK,2009,4,63278.0,91616.0
ITM-FUK,2009,5,63566.0,94545.0
ITM-FUK,2009,6,56073.0,91249.0
ITM-FUK,2009,7,67224.0,95608.0
ITM-FUK,2009,8,73720.0,97098.0
ITM-FUK,2009,9,70620.0,92453.0
ITM-FUK,2009,10,67727.0,91110.0
ITM-FUK,2009,11,75626.0,104787.0
ITM-FUK,2009,12,70520.0,115767.0
ITM-FUK,2010,1,65848.0,116526.0
ITM-FUK,2010,2,69734.0,106038.0
ITM-FUK,2010,3,79152.0,113778.0
ITM-FUK,2010,4,66805.0,108587.0
ITM-FUK,2010,5,72522.0,113145.0
ITM-FUK,2010,6,66607.0,109945.0
ITM-FUK,2010,7,70451.0,116400.0
ITM-FUK,2010,8,76017.0,121653.0
ITM-FUK,2010,9,68362.0,107720.0
ITM-FUK,2010,10,65464.0,99778.0
ITM-FUK,2010,11,56572.0,80327.0
ITM-FUK,2010,12,53523.0,85205.0
ITM-FUK,2011,1,52290.0,94611.0
ITM-FUK,2011,2,50286.0,85824.0
ITM-FUK,2011,3,56670.0,92398.0
ITM-FUK,2011,4,51064.0,81483.0
ITM-FUK,2011,5,58186.0,84382.0
ITM-FUK,2011,6,54110.0,79491.0
ITM-FUK,2011,7,55042.0,83783.0
ITM-FUK,2011,8,61674.0,85113.0
ITM-FUK,2011,9,55385.0,80750.0
ITM-FUK,2011,10,56755.0,78940.0
ITM-FUK,2011,11,56377.0,77661.0
ITM-FUK,2011,12,53287.0,82318.0
ITM-FUK,2012,1,50762.0,84447.0
ITM-FUK,2012,2,51091.0,77061.0
ITM-FUK,2012,3,53296.0,85818.0
ITM-FUK,2012,4,53172.0,86548.0
ITM-FUK,2012,5,55705.0,90787.0
ITM-FUK,2012,6,49524.0,83795.0
ITM-FUK,2012,7,51844.0,85666.0
ITM-FUK,2012,8,56369.0,86447.0
ITM-FUK,2012,9,49707.0,80983.0
ITM-FUK,2012,10,53311.0,83017.0
ITM-FUK,2012,11,54415.0,81021.0
ITM-FUK,2012,12,51109.0,88842.0
ITM-FUK,2013,1,47831.0,86700.0
ITM-FUK,2013,2,41776.0,61064.0
ITM-FUK,2013,3,44599.0,67483.0
ITM-FUK,2013,4,50827.0,96372.0
ITM-FUK,2013,5,57439.0,101282.0
ITM-FUK,2013,6,53396.0,119793.0
ITM-FUK,2013,7,56744.0,119969.0
ITM-FUK,2013,8,61517.0,113666.0
ITM-FUK,2013,9,59454.0,103683.0
ITM-FUK,2013,10,59411.0,106997.0
ITM-FUK,2013,11,63176.0,104459.0
ITM-FUK,2013,12,57493.0,105362.0
ITM-FUK,2014,1,53099.0,108161.0
ITM-FUK,2014,2,54748.0,92910.0
ITM-FUK,2014,3,60717.0,94190.0
ITM-FUK,2014,4,51730.0,83838.0
ITM-FUK,2014,5,60470.0,86531.0
ITM-FUK,2014,6,54927.0,84872.0
ITM-FUK,2014,7,55090.0,80848.0
ITM-FUK,2014,8,58987.0,80180.0
ITM-FUK,2014,9,54148.0,68623.0
ITM-FUK,2014,10,54789.0,70867.0
ITM-FUK,2014,11,61996.0,80402.0
ITM-FUK,2014,12,57622.0,83696.0
ITM-FUK,2015,1,52640.0,82838.0
ITM-FUK,2015,2,52360.0,73349.0
ITM-FUK,2015,3,56000.0,76893.0
ITM-FUK,2015,4,45336.0,62554.0
ITM-FUK,2015,5,49804.0,65292.0
ITM-FUK,2015,6,44994.0,62794.0
ITM-FUK,2015,7,48205.0,70028.0
ITM-FUK,2015,8,50325.0,69100.0
ITM-FUK,2015,9,53034.0,63140.0
ITM-FUK,2015,10,50975.0,64082.0
ITM-FUK,2015,11,50945.0,65503.0
ITM-FUK,2015,12,50389.0,75587.0
ITM-FUK,2016,1,46983.0,72658.0
ITM-FUK,2016,2,46633.0,65078.0
ITM-FUK,2016,3,51700.0,63485.0
ITM-FUK,2016,4,45699.0,61901.0
ITM-FUK,2016,5,46580.0,64316.0
ITM-FUK,2016,6,42553.0,62329.0
ITM-FUK,2016,7,46644.0,65633.0
ITM-FUK,2016,8,51155.0,65551.0
ITM-FUK,2016,9,46857.0,60398.0
ITM-FUK,2016,10,48066.0,62022.0
ITM-FUK,2016,11,49484.0,62925.0
ITM-FUK,2016,12,47490.0,62198.0
ITM-FUK,2017,1,45072.0,61444.0
ITM-FUK,2017,2,43707.0,58006.0
ITM-FUK,2017,3,52613.0,66341.0
ITM-FUK,2017,4,45362.0,63498.0
ITM-FUK,2017,5,49047.0,65332.0
ITM-FUK,2017,6,47146.0,64186.0
ITM-FUK,2017,7,43667.0,59254.0
ITM-FUK,2017,8,45346.0,58106.0
ITM-FUK,2017,9,43032.0,56566.0
ITM-FUK,2017,10,46977.0,63416.0
ITM-FUK,2017,11,48529.0,65899.0
ITM-FUK,2017,12,49003.0,68446.0
ITM-FUK,2018,1,44561.0,67059.0
ITM-FUK,2018,2,43055.0,59943.0
ITM-FUK,2018,3,53285.0,66235.0
ITM-FUK,2018,4,48356.0,67292.0
ITM-FUK,2018,5,49019.0,64114.0
ITM-FUK,2018,6,48085.0,66206.0
ITM-FUK,2018,7,43608.0,61193.0
ITM-FUK,2018,8,47499.0,61724.0
ITM-FUK,2018,9,47627.0,59207.0
ITM-FUK,2018,10,48253.0,65374.0
ITM-FUK,2018,11,50349.0,66714.0
ITM-FUK,2018,12,50141.0,68047.0
ITM-FUK,2019,1,47319.0,69418.0
ITM-FUK,2019,2,47143.0,61174.0
ITM-FUK,2019,3,53812.0,67478.0
ITM-FUK,2019,4,47997.0,66846.0
ITM-FUK,2019,5,51671.0,68109.0
ITM-FUK,2019,6,48317.0,66870.0
ITM-FUK,2019,7,45592.0,63970.0
ITM-FUK,2019,8,48350.0,62504.0
ITM-FUK,2019,9,45414.0,58903.0
ITM-FUK,2019,10,49400.0,67300.0
ITM-FUK,2019,11,56535.0,75849.0
ITM-FUK,2019,12,53680.0,74193.0
ITM-FUK,2021,1,16969.0,47452.0
ITM-FUK,2021,2,16296.0,30461.0
ITM-FUK,2021,3,29249.0,42706.0
ITM-FUK,2021,4,28460.0,58859.0
ITM-FUK,2021,5,18448.0,45099.0
ITM-FUK,2021,6,22678.0,49046.0
ITM-FUK,2021,7,30590.0,42697.0
ITM-FUK,2021,8,28538.0,53293.0
ITM-FUK,2021,9,23511.0,46225.0
ITM-FUK,2021,10,39291.0,56056.0
ITM-FUK,2021,11,48633.0,68657.0
ITM-FUK,2021,12,50671.0,76170.0
ITM-FUK,2022,1,38321.0,75907.0
ITM-FUK,2022,2,26078.0,64063.0
ITM-FUK,2022,3,44969.0,75387.0
ITM-FUK,2022,4,43625.0,72761.0
ITM-FUK,2022,5,45558.0,73269.0
ITM-FUK,2022,6,44115.0,73233.0
ITM-FUK,2022,7,42243.0,69832.0
ITM-FUK,2022,8,45699.0,67698.0
ITM-FUK,2022,9,46263.0,62169.0
ITM-FUK,2022,10,59126.0,71619.0
ITM-FUK,2022,11,56706.0,62793.0
ITM-FUK,2022,12,54180.0,65575.0
ITM-FUK,2023,1,48697.0,65587.0
ITM-FUK,2023,2,50133.0,60434.0
ITM-FUK,2023,3,55141.0,63222.0
ITM-FUK,2023,4,48586.0,63847.0
ITM-FUK,2023,5,48255.0,65159.0
ITM-FUK,2023,6,42381.0,64013.0
ITM-FUK,2023,7,38593.0,60101.0
ITM-FUK,2023,8,44675.0,55922.0
ITM-FUK,2023,9,44182.0,57790.0
ITM-FUK,2023,10,52663.0,66587.0
ITM-FUK,2023,11,52465.0,68768.0
ITM-FUK,2023,12,54312.0,71546.0
ITM-FUK,2024,1,49408.0,76467.0
ITM-FUK,2024,2,51894.0,74925.0
ITM-FUK,2024,3,62930.0,75310.0
ITM-FUK,2024,4,51921.0,68581.0
ITM-FUK,2024,5,55190.0,70712.0
ITM-FUK,2024,6,46773.0,62090.0
ITM-FUK,2024,7,51445.0,67880.0
ITM-FUK,2024,8,50627.0,61726.0
ITM-FUK,2024,9,54521.0,67889.0
ITM-FUK,2024,10,60873.0,77281.0
ITM-FUK,2024,11,61081.0,73752.0
ITM-FUK,2024,12,65112.0,80893.0
ITM-FUK,2025,1,58110.0,81889.0
ITM-FUK,2025,2,55732.0,71018.0
ITM-FUK,2025,3,65047.0,75903.0
ITM-FUK,2025,4,55282.0,72744.0
ITM-FUK,2025,5,59986.0,75884.0
ITM-FUK,2025,6,55844.0,73696.0
ITM-FUK,2025,7,58570.0,76367.0
ITM-FUK,2025,8,68401.0,78358.0
ITM-FUK,2025,9,62670.0,72277.0
ITM-FUK,2025,10,66372.0,77839.0
ITM-FUK,2025,11,61573.0,70937.0
ITM-FUK,2025,12,60218.0,71781.0
HND-ITM,2006,1,503353.0,839311.0
HND-ITM,2006,2,484758.0,739890.0
HND-ITM,2006,3,578423.0,815237.0
HND-ITM,2006,4,488491.0,735197.0
HND-ITM,2006,5,509663.0,773821.0
HND-ITM,2006,6,507592.0,760128.0
HND-ITM,2006,7,484999.0,781992.0
HND-ITM,2006,8,498650.0,779598.0
HND-ITM,2006,9,523804.0,764686.0
HND-ITM,2006,10,567739.0,780028.0
HND-ITM,2006,11,566617.0,753953.0
HND-ITM,2006,12,540344.0,780112.0
HND-ITM,2007,1,459560.0,780012.0
HND-ITM,2007,2,495936.0,702936.0
HND-ITM,2007,3,606608.0,793541.0
HND-ITM,2007,4,489130.0,743085.0
HND-ITM,2007,5,500562.0,760137.0
HND-ITM,2007,6,483072.0,743147.0
HND-ITM,2007,7,459787.0,761264.0
HND-ITM,2007,8,464924.0,745141.0
HND-ITM,2007,9,479882.0,730059.0
HND-ITM,2007,10,512114.0,754708.0
HND-ITM,2007,11,517056.0,731816.0
HND-ITM,2007,12,493167.0,767145.0
HND-ITM,2008,1,432172.0,765484.0
HND-ITM,2008,2,460050.0,719150.0
HND-ITM,2008,3,539054.0,791025.0
HND-ITM,2008,4,467792.0,712211.0
HND-ITM,2008,5,489320.0,741771.0
HND-ITM,2008,6,470233.0,706165.0
HND-ITM,2008,7,471786.0,738584.0
HND-ITM,2008,8,486896.0,734058.0
HND-ITM,2008,9,491287.0,698667.0
HND-ITM,2008,10,522018.0,732791.0
HND-ITM,2008,11,515936.0,695870.0
HND-ITM,2008,12,485925.0,722043.0
HND-ITM,2009,1,414903.0,719411.0
HND-ITM,2009,2,409554.0,654991.0
HND-ITM,2009,3,493957.0,717038.0
HND-ITM,2009,4,418506.0,685040.0
HND-ITM,2009,5,398969.0,705639.0
HND-ITM,2009,6,392534.0,694098.0
HND-ITM,2009,7,420619.0,719084.0
HND-ITM,2009,8,450619.0,708642.0
HND-ITM,2009,9,472539.0,687864.0
HND-ITM,2009,10,458008.0,695434.0
HND-ITM,2009,11,463498.0,701150.0
HND-ITM,2009,12,456074.0,722279.0
HND-ITM,2010,1,398248.0,698918.0
HND-ITM,2010,2,388852.0,631546.0
HND-ITM,2010,3,495840.0,711511.0
HND-ITM,2010,4,442370.0,683929.0
HND-ITM,2010,5,435492.0,708937.0
HND-ITM,2010,6,409823.0,662503.0
HND-ITM,2010,7,416556.0,702614.0
HND-ITM,2010,8,445213.0,717469.0
HND-ITM,2010,9,447015.0,681727.0
HND-ITM,2010,10,463743.0,689100.0
HND-ITM,2010,11,476479.0,688679.0
HND-ITM,2010,12,461922.0,711760.0
HND-ITM,2011,1,394427.0,713832.0
HND-ITM,2011,2,383095.0,647629.0
HND-ITM,2011,3,365463.0,690354.0
HND-ITM,2011,4,334028.0,623752.0
HND-ITM,2011,5,357394.0,629944.0
HND-ITM,2011,6,379830.0,618206.0
HND-ITM,2011,7,380478.0,647558.0
HND-ITM,2011,8,424412.0,675382.0
HND-ITM,2011,9,401166.0,622793.0
HND-ITM,2011,10,431316.0,659397.0
HND-ITM,2011,11,451263.0,642108.0
HND-ITM,2011,12,446465.0,662508.0
HND-ITM,2012,1,379297.0,643570.0
HND-ITM,2012,2,381295.0,605959.0
HND-ITM,2012,3,438509.0,656751.0
HND-ITM,2012,4,411008.0,634951.0
HND-ITM,2012,5,418466.0,676185.0
HND-ITM,2012,6,391869.0,632892.0
HND-ITM,2012,7,394260.0,665180.0
HND-ITM,2012,8,434608.0,670403.0
HND-ITM,2012,9,421091.0,625321.0
HND-ITM,2012,10,431862.0,669377.0
HND-ITM,2012,11,471216.0,653401.0
HND-ITM,2012,12,438835.0,671692.0
HND-ITM,2013,1,371225.0,639891.0
HND-ITM,2013,2,362941.0,590062.0
HND-ITM,2013,3,437965.0,670625.0
HND-ITM,2013,4,422772.0,704120.0
HND-ITM,2013,5,440620.0,721731.0
HND-ITM,2013,6,430815.0,644649.0
HND-ITM,2013,7,408610.0,665144.0
HND-ITM,2013,8,451941.0,675051.0
HND-ITM,2013,9,457167.0,623053.0
HND-ITM,2013,10,462567.0,644947.0
HND-ITM,2013,11,490148.0,646275.0
HND-ITM,2013,12,472872.0,677288.0
HND-ITM,2014,1,415882.0,652842.0
HND-ITM,2014,2,363661.0,547154.0
HND-ITM,2014,3,457492.0,667292.0
HND-ITM,2014,4,419983.0,650152.0
HND-ITM,2014,5,438528.0,660809.0
HND-ITM,2014,6,422129.0,639174.0
HND-ITM,2014,7,413354.0,653997.0
HND-ITM,2014,8,452746.0,654532.0
HND-ITM,2014,9,454747.0,630143.0
HND-ITM,2014,10,460530.0,650174.0
HND-ITM,2014,11,474874.0,630883.0
HND-ITM,2014,12,452028.0,639344.0
HND-ITM,2015,1,416460.0,646473.0
HND-ITM,2015,2,400776.0,585715.0
HND-ITM,2015,3,468472.0,654478.0
HND-ITM,2015,4,423583.0,602155.0
HND-ITM,2015,5,429507.0,632015.0
HND-ITM,2015,6,418376.0,601086.0
HND-ITM,2015,7,411294.0,623121.0
HND-ITM,2015,8,444610.0,629528.0
HND-ITM,2015,9,450814.0,603519.0
HND-ITM,2015,10,471051.0,618345.0
HND-ITM,2015,11,455046.0,588968.0
HND-ITM,2015,12,437157.0,594594.0
HND-ITM,2016,1,405250.0,596540.0
HND-ITM,2016,2,395958.0,564673.0
HND-ITM,2016,3,451910.0,601365.0
HND-ITM,2016,4,410987.0,597882.0
HND-ITM,2016,5,397601.0,617509.0
HND-ITM,2016,6,416725.0,602916.0
HND-ITM,2016,7,429370.0,612789.0
HND-ITM,2016,8,431390.0,594615.0
HND-ITM,2016,9,444917.0,592549.0
HND-ITM,2016,10,461899.0,617874.0
HND-ITM,2016,11,472710.0,606285.0
HND-ITM,2016,12,467097.0,618405.0
HND-ITM,2017,1,423849.0,597462.0
HND-ITM,2017,2,405612.0,538235.0
HND-ITM,2017,3,493875.0,614535.0
HND-ITM,2017,4,437217.0,606684.0
HND-ITM,2017,5,444804.0,627299.0
HND-ITM,2017,6,441597.0,604789.0
HND-ITM,2017,7,444627.0,627622.0
HND-ITM,2017,8,475879.0,608929.0
HND-ITM,2017,9,455897.0,589691.0
HND-ITM,2017,10,466740.0,606866.0
HND-ITM,2017,11,474593.0,589544.0
HND-ITM,2017,12,460519.0,597337.0
HND-ITM,2018,1,429052.0,591849.0
HND-ITM,2018,2,423080.0,540708.0
HND-ITM,2018,3,497260.0,606756.0
HND-ITM,2018,4,465422.0,603082.0
HND-ITM,2018,5,461499.0,629383.0
HND-ITM,2018,6,460919.0,595783.0
HND-ITM,2018,7,425649.0,547456.0
HND-ITM,2018,8,459478.0,566842.0
HND-ITM,2018,9,461876.0,549508.0
HND-ITM,2018,10,480626.0,611992.0
HND-ITM,2018,11,474106.0,584625.0
HND-ITM,2018,12,458015.0,596607.0
HND-ITM,2019,1,427027.0,599767.0
HND-ITM,2019,2,418101.0,547741.0
HND-ITM,2019,3,485416.0,612033.0
HND-ITM,2019,4,455899.0,601410.0
HND-ITM,2019,5,466776.0,621423.0
HND-ITM,2019,6,454896.0,607502.0
HND-ITM,2019,7,459078.0,624445.0
HND-ITM,2019,8,480946.0,603285.0
HND-ITM,2019,9,460494.0,600173.0
HND-ITM,2019,10,450801.0,589055.0
HND-ITM,2019,11,486530.0,604298.0
HND-ITM,2019,12,495380.0,616041.0
HND-ITM,2021,1,127947.0,339857.0
HND-ITM,2021,2,124049.0,220990.0
HND-ITM,2021,3,208981.0,335759.0
HND-ITM,2021,4,188519.0,382671.0
HND-ITM,2021,5,137173.0,281470.0
HND-ITM,2021,6,185566.0,337333.0
HND-ITM,2021,7,237457.0,344492.0
HND-ITM,2021,8,207181.0,360886.0
HND-ITM,2021,9,192731.0,363617.0
HND-ITM,2021,10,272620.0,428384.0
HND-ITM,2021,11,330862.0,502453.0
HND-ITM,2021,12,351562.0,523610.0
HND-ITM,2022,1,272376.0,506804.0
HND-ITM,2022,2,191801.0,373190.0
HND-ITM,2022,3,310884.0,467905.0
HND-ITM,2022,4,300908.0,489030.0
HND-ITM,2022,5,320593.0,528157.0
HND-ITM,2022,6,328631.0,515372.0
HND-ITM,2022,7,338009.0,520836.0
HND-ITM,2022,8,349036.0,520728.0
HND-ITM,2022,9,336209.0,511680.0
HND-ITM,2022,10,399263.0,579169.0
HND-ITM,2022,11,435810.0,585241.0
HND-ITM,2022,12,418649.0,559277.0
HND-ITM,2023,1,385736.0,567073.0
HND-ITM,2023,2,379434.0,521273.0
HND-ITM,2023,3,459806.0,578756.0
HND-ITM,2023,4,409122.0,551192.0
HND-ITM,2023,5,428362.0,574718.0
HND-ITM,2023,6,413552.0,552794.0
HND-ITM,2023,7,381301.0,544463.0
HND-ITM,2023,8,420630.0,523023.0
HND-ITM,2023,9,403373.0,538815.0
HND-ITM,2023,10,443901.0,571814.0
HND-ITM,2023,11,445259.0,526258.0
HND-ITM,2023,12,433048.0,531263.0
HND-ITM,2024,1,354181.0,494037.0
HND-ITM,2024,2,361610.0,470633.0
HND-ITM,2024,3,397367.0,480185.0
HND-ITM,2024,4,382857.0,542297.0
HND-ITM,2024,5,395823.0,572401.0
HND-ITM,2024,6,380716.0,552069.0
HND-ITM,2024,7,417550.0,553359.0
HND-ITM,2024,8,430307.0,523841.0
HND-ITM,2024,9,438013.0,552082.0
HND-ITM,2024,10,459123.0,577623.0
HND-ITM,2024,11,454996.0,547938.0
HND-ITM,2024,12,450413.0,561319.0
HND-ITM,2025,1,426588.0,558452.0
HND-ITM,2025,2,400122.0,489377.0
HND-ITM,2025,3,461846.0,570984.0
HND-ITM,2025,4,422504.0,513576.0
HND-ITM,2025,5,443175.0,526625.0
HND-ITM,2025,6,440960.0,514534.0
HND-ITM,2025,7,448974.0,533833.0
HND-ITM,2025,8,468422.0,530824.0
HND-ITM,2025,9,464476.0,518119.0
HND-ITM,2025,10,477858.0,554226.0
HND-ITM,2025,11,440003.0,507967.0
HND-ITM,2025,12,438869.0,517773.0
HND-CTS,2006,1,720856.0,1195385.0
HND-CTS,2006,2,696293.0,1064864.0
HND-CTS,2006,3,803963.0,1173438.0
HND-CTS,2006,4,615369.0,1068390.0
HND-CTS,2006,5,804595.0,1268461.0
HND-CTS,2006,6,842511.0,1239987.0
HND-CTS,2006,7,876505.0,1314969.0
HND-CTS,2006,8,993613.0,1334389.0
HND-CTS,2006,9,954318.0,1275958.0
HND-CTS,2006,10,952082.0,1283051.0
HND-CTS,2006,11,712044.0,1165647.0
HND-CTS,2006,12,691845.0,1217944.0
HND-CTS,2007,1,726188.0,1239049.0
HND-CTS,2007,2,787464.0,1131120.0
HND-CTS,2007,3,847733.0,1217470.0
HND-CTS,2007,4,598412.0,1145195.0
HND-CTS,2007,5,742239.0,1217107.0
HND-CTS,2007,6,834126.0,1236556.0
HND-CTS,2007,7,852632.0,1264446.0
HND-CTS,2007,8,996275.0,1316794.0
HND-CTS,2007,9,963875.0,1221153.0
HND-CTS,2007,10,875451.0,1272243.0
HND-CTS,2007,11,739921.0,1086204.0
HND-CTS,2007,12,727235.0,1196810.0
HND-CTS,2008,1,750254.0,1176376.0
HND-CTS,2008,2,790188.0,1085769.0
HND-CTS,2008,3,851106.0,1186004.0
HND-CTS,2008,4,629535.0,1102810.0
HND-CTS,2008,5,762298.0,1175119.0
HND-CTS,2008,6,811006.0,1157466.0
HND-CTS,2008,7,847123.0,1210789.0
HND-CTS,2008,8,952731.0,1240088.0
HND-CTS,2008,9,933810.0,1179378.0
HND-CTS,2008,10,882033.0,1177394.0
HND-CTS,2008,11,745486.0,1171829.0
HND-CTS,2008,12,697199.0,1201312.0
HND-CTS,2009,1,733603.0,1223156.0
HND-CTS,2009,2,673737.0,1043653.0
HND-CTS,2009,3,789831.0,1233949.0
HND-CTS,2009,4,558290.0,1178710.0
HND-CTS,2009,5,691729.0,1221340.0
HND-CTS,2009,6,746953.0,1190809.0
HND-CTS,2009,7,796766.0,1224398.0
HND-CTS,2009,8,900595.0,1260199.0
HND-CTS,2009,9,939140.0,1195592.0
HND-CTS,2009,10,816017.0,1205294.0
HND-CTS,2009,11,719543.0,1094746.0
HND-CTS,2009,12,659347.0,1130224.0
HND-CTS,2010,1,705466.0,1107882.0
HND-CTS,2010,2,730483.0,1027128.0
HND-CTS,2010,3,772773.0,1094328.0
HND-CTS,2010,4,585767.0,1035268.0
HND-CTS,2010,5,699828.0,1116271.0
HND-CTS,2010,6,754089.0,1114991.0
HND-CTS,2010,7,809819.0,1177484.0
HND-CTS,2010,8,898650.0,1194033.0
HND-CTS,2010,9,913017.0,1137413.0
HND-CTS,2010,10,831119.0,1102890.0
HND-CTS,2010,11,694247.0,1057166.0
HND-CTS,2010,12,646847.0,1111759.0
HND-CTS,2011,1,709018.0,1095327.0
HND-CTS,2011,2,732956.0,1010420.0
HND-CTS,2011,3,550936.0,1044596.0
HND-CTS,2011,4,438610.0,881350.0
HND-CTS,2011,5,583789.0,885637.0
HND-CTS,2011,6,680134.0,976353.0
HND-CTS,2011,7,780506.0,1096181.0
HND-CTS,2011,8,914616.0,1150517.0
HND-CTS,2011,9,894118.0,1109704.0
HND-CTS,2011,10,811387.0,1071758.0
HND-CTS,2011,11,649586.0,1006463.0
HND-CTS,2011,12,652922.0,1007381.0
HND-CTS,2012,1,683545.0,1026979.0
HND-CTS,2012,2,693850.0,1017912.0
HND-CTS,2012,3,746478.0,1079030.0
HND-CTS,2012,4,570469.0,1035345.0
HND-CTS,2012,5,707048.0,1126965.0
HND-CTS,2012,6,765747.0,1082694.0
HND-CTS,2012,7,782184.0,1166888.0
HND-CTS,2012,8,886615.0,1179310.0
HND-CTS,2012,9,869972.0,1109445.0
HND-CTS,2012,10,797989.0,1097904.0
HND-CTS,2012,11,656228.0,973425.0
HND-CTS,2012,12,649576.0,1007771.0
HND-CTS,2013,1,630474.0,1015486.0
HND-CTS,2013,2,661053.0,969992.0
HND-CTS,2013,3,704160.0,1057241.0
HND-CTS,2013,4,560263.0,1010494.0
HND-CTS,2013,5,710585.0,1059812.0
HND-CTS,2013,6,775592.0,1142610.0
HND-CTS,2013,7,765508.0,1169703.0
HND-CTS,2013,8,896517.0,1190337.0
HND-CTS,2013,9,905326.0,1130280.0
HND-CTS,2013,10,843336.0,1102068.0
HND-CTS,2013,11,707964.0,1006215.0
HND-CTS,2013,12,677889.0,1041177.0
HND-CTS,2014,1,698926.0,1044327.0
HND-CTS,2014,2,658450.0,902339.0
HND-CTS,2014,3,750400.0,1029773.0
HND-CTS,2014,4,557139.0,1014260.0
HND-CTS,2014,5,707434.0,1055015.0
HND-CTS,2014,6,765691.0,1034402.0
HND-CTS,2014,7,782190.0,1085330.0
HND-CTS,2014,8,879935.0,1144627.0
HND-CTS,2014,9,866004.0,1060102.0
HND-CTS,2014,10,825782.0,1069396.0
HND-CTS,2014,11,702764.0,999773.0
HND-CTS,2014,12,666961.0,1022396.0
HND-CTS,2015,1,687235.0,992693.0
HND-CTS,2015,2,720262.0,926479.0
HND-CTS,2015,3,747324.0,996453.0
HND-CTS,2015,4,569639.0,934675.0
HND-CTS,2015,5,723686.0,1017772.0
HND-CTS,2015,6,762947.0,1067370.0
HND-CTS,2015,7,800735.0,1095291.0
HND-CTS,2015,8,858358.0,1128890.0
HND-CTS,2015,9,883977.0,1082593.0
HND-CTS,2015,10,843977.0,1077140.0
HND-CTS,2015,11,691716.0,978343.0
HND-CTS,2015,12,696534.0,1029988.0
HND-CTS,2016,1,717091.0,1045317.0
HND-CTS,2016,2,723012.0,991883.0
HND-CTS,2016,3,744058.0,1013653.0
HND-CTS,2016,4,597769.0,948648.0
HND-CTS,2016,5,709082.0,1009331.0
HND-CTS,2016,6,763658.0,1013574.0
HND-CTS,2016,7,799737.0,1094310.0
HND-CTS,2016,8,851670.0,1107299.0
HND-CTS,2016,9,877271.0,1070517.0
HND-CTS,2016,10,834767.0,1064037.0
HND-CTS,2016,11,680715.0,958656.0
HND-CTS,2016,12,650651.0,916067.0
HND-CTS,2017,1,716649.0,1004587.0
HND-CTS,2017,2,700008.0,933145.0
HND-CTS,2017,3,755948.0,1009706.0
HND-CTS,2017,4,606501.0,936958.0
HND-CTS,2017,5,745935.0,999002.0
HND-CTS,2017,6,774810.0,1010052.0
HND-CTS,2017,7,780346.0,1060527.0
HND-CTS,2017,8,873333.0,1104950.0
HND-CTS,2017,9,846916.0,1030305.0
HND-CTS,2017,10,821469.0,1030681.0
HND-CTS,2017,11,714722.0,956437.0
HND-CTS,2017,12,681638.0,992078.0
HND-CTS,2018,1,703809.0,1000151.0
HND-CTS,2018,2,738599.0,911826.0
HND-CTS,2018,3,757270.0,997770.0
HND-CTS,2018,4,655617.0,957080.0
HND-CTS,2018,5,753083.0,1020672.0
HND-CTS,2018,6,793342.0,1010221.0
HND-CTS,2018,7,808706.0,1041217.0
HND-CTS,2018,8,904712.0,1116953.0
HND-CTS,2018,9,661067.0,977979.0
HND-CTS,2018,10,768814.0,1051612.0
HND-CTS,2018,11,739850.0,967514.0
HND-CTS,2018,12,722503.0,989534.0
HND-CTS,2019,1,734241.0,1037922.0
HND-CTS,2019,2,731323.0,955471.0
HND-CTS,2019,3,784522.0,1030699.0
HND-CTS,2019,4,652712.0,968796.0
HND-CTS,2019,5,818083.0,1047943.0
HND-CTS,2019,6,793908.0,1016389.0
HND-CTS,2019,7,794031.0,1102794.0
HND-CTS,2019,8,913037.0,1131395.0
HND-CTS,2019,9,897355.0,1055392.0
HND-CTS,2019,10,801062.0,1024557.0
HND-CTS,2019,11,765204.0,1019407.0
HND-CTS,2019,12,731338.0,1045421.0
HND-CTS,2021,1,175415.0,528704.0
HND-CTS,2021,2,178152.0,310748.0
HND-CTS,2021,3,311139.0,466961.0
HND-CTS,2021,4,265830.0,522174.0
HND-CTS,2021,5,212991.0,538090.0
HND-CTS,2021,6,218674.0,482120.0
HND-CTS,2021,7,333060.0,617326.0
HND-CTS,2021,8,346086.0,732421.0
HND-CTS,2021,9,286553.0,594756.0
HND-CTS,2021,10,410331.0,635964.0
HND-CTS,2021,11,482616.0,778564.0
HND-CTS,2021,12,541216.0,885230.0
HND-CTS,2022,1,407321.0,781688.0
HND-CTS,2022,2,239505.0,559703.0
HND-CTS,2022,3,420059.0,771409.0
HND-CTS,2022,4,409526.0,756575.0
HND-CTS,2022,5,516264.0,868750.0
HND-CTS,2022,6,566188.0,851402.0
HND-CTS,2022,7,644714.0,940765.0
HND-CTS,2022,8,752886.0,1005305.0
HND-CTS,2022,9,690946.0,957246.0
HND-CTS,2022,10,708003.0,950250.0
HND-CTS,2022,11,626049.0,912333.0
HND-CTS,2022,12,671304.0,965182.0
HND-CTS,2023,1,616969.0,946889.0
HND-CTS,2023,2,682944.0,868036.0
HND-CTS,2023,3,740510.0,974528.0
HND-CTS,2023,4,612026.0,955546.0
HND-CTS,2023,5,767571.0,1021524.0
HND-CTS,2023,6,789564.0,977346.0
HND-CTS,2023,7,799864.0,1036443.0
HND-CTS,2023,8,901384.0,1063834.0
HND-CTS,2023,9,850972.0,1007936.0
HND-CTS,2023,10,808476.0,1018754.0
HND-CTS,2023,11,690661.0,935876.0
HND-CTS,2023,12,726375.0,964914.0
HND-CTS,2024,1,682987.0,899569.0
HND-CTS,2024,2,767705.0,911252.0
HND-CTS,2024,3,754191.0,955391.0
HND-CTS,2024,4,603788.0,943695.0
HND-CTS,2024,5,739583.0,1022903.0
HND-CTS,2024,6,805273.0,1000763.0
HND-CTS,2024,7,834641.0,1038098.0
HND-CTS,2024,8,894860.0,1029608.0
HND-CTS,2024,9,904598.0,1035566.0
HND-CTS,2024,10,910060.0,1042791.0
HND-CTS,2024,11,810968.0,968890.0
HND-CTS,2024,12,804017.0,1020915.0
HND-CTS,2025,1,822196.0,1022903.0
HND-CTS,2025,2,850816.0,919186.0
HND-CTS,2025,3,879140.0,1032558.0
HND-CTS,2025,4,673501.0,987142.0
HND-CTS,2025,5,835103.0,1004762.0
HND-CTS,2025,6,861007.0,991061.0
HND-CTS,2025,7,892605.0,1037851.0
HND-CTS,2025,8,967354.0,1065482.0
HND-CTS,2025,9,916215.0,1010718.0
HND-CTS,2025,10,926107.0,1042085.0
HND-CTS,2025,11,836178.0,961020.0
HND-CTS,2025,12,802145.0,960643.0
HND-OKA,2006,1,375764.0,606789.0
HND-OKA,2006,2,372970.0,531864.0
HND-OKA,2006,3,469858.0,592487.0
HND-OKA,2006,4,388274.0,581724.0
HND-OKA,2006,5,340635.0,600768.0
HND-OKA,2006,6,343396.0,568985.0
HND-OKA,2006,7,435521.0,611022.0
HND-OKA,2006,8,533972.0,653030.0
HND-OKA,2006,9,488859.0,616708.0
HND-OKA,2006,10,503658.0,636338.0
HND-OKA,2006,11,434087.0,625674.0
HND-OKA,2006,12,411188.0,645223.0
HND-OKA,2007,1,402993.0,640857.0
HND-OKA,2007,2,414863.0,576195.0
HND-OKA,2007,3,498200.0,655421.0
HND-OKA,2007,4,404028.0,615961.0
HND-OKA,2007,5,349160.0,631345.0
HND-OKA,2007,6,357892.0,600720.0
HND-OKA,2007,7,437625.0,619560.0
HND-OKA,2007,8,561316.0,694457.0
HND-OKA,2007,9,524259.0,640701.0
HND-OKA,2007,10,490413.0,636487.0
HND-OKA,2007,11,433032.0,645533.0
HND-OKA,2007,12,427946.0,665803.0
HND-OKA,2008,1,422867.0,662399.0
HND-OKA,2008,2,440198.0,619746.0
HND-OKA,2008,3,525176.0,685455.0
HND-OKA,2008,4,423464.0,642601.0
HND-OKA,2008,5,369337.0,649406.0
HND-OKA,2008,6,372994.0,638786.0
HND-OKA,2008,7,469139.0,649404.0
HND-OKA,2008,8,581889.0,696780.0
HND-OKA,2008,9,523361.0,657633.0
HND-OKA,2008,10,527771.0,652246.0
HND-OKA,2008,11,458167.0,629275.0
HND-OKA,2008,12,434490.0,664323.0
HND-OKA,2009,1,408948.0,644869.0
HND-OKA,2009,2,376514.0,575725.0
HND-OKA,2009,3,497332.0,669478.0
HND-OKA,2009,4,386189.0,642584.0
HND-OKA,2009,5,362650.0,646273.0
HND-OKA,2009,6,343851.0,626442.0
HND-OKA,2009,7,455630.0,686750.0
HND-OKA,2009,8,538543.0,707423.0
HND-OKA,2009,9,473861.0,685042.0
HND-OKA,2009,10,467148.0,683200.0
HND-OKA,2009,11,409870.0,614506.0
HND-OKA,2009,12,395982.0,642584.0
HND-OKA,2010,1,396516.0,634986.0
HND-OKA,2010,2,399960.0,576899.0
HND-OKA,2010,3,491120.0,664733.0
HND-OKA,2010,4,393489.0,621947.0
HND-OKA,2010,5,368240.0,648933.0
HND-OKA,2010,6,348871.0,606131.0
HND-OKA,2010,7,460807.0,676924.0
HND-OKA,2010,8,581624.0,709871.0
HND-OKA,2010,9,511990.0,679776.0
HND-OKA,2010,10,487937.0,657272.0
HND-OKA,2010,11,417536.0,594851.0
HND-OKA,2010,12,396181.0,609204.0
HND-OKA,2011,1,395375.0,603872.0
HND-OKA,2011,2,396422.0,546013.0
HND-OKA,2011,3,365268.0,607634.0
HND-OKA,2011,4,282285.0,552227.0
HND-OKA,2011,5,296593.0,524322.0
HND-OKA,2011,6,301618.0,511941.0
HND-OKA,2011,7,438973.0,635142.0
HND-OKA,2011,8,547063.0,659993.0
HND-OKA,2011,9,478073.0,634968.0
HND-OKA,2011,10,483170.0,637966.0
HND-OKA,2011,11,416312.0,625278.0
HND-OKA,2011,12,416650.0,653342.0
HND-OKA,2012,1,373091.0,631966.0
HND-OKA,2012,2,394775.0,588505.0
HND-OKA,2012,3,470623.0,651525.0
HND-OKA,2012,4,388937.0,613115.0
HND-OKA,2012,5,328007.0,618395.0
HND-OKA,2012,6,335783.0,578985.0
HND-OKA,2012,7,441934.0,667782.0
HND-OKA,2012,8,510364.0,667541.0
HND-OKA,2012,9,466728.0,591837.0
HND-OKA,2012,10,484939.0,647548.0
HND-OKA,2012,11,428604.0,589632.0
HND-OKA,2012,12,394973.0,603955.0
HND-OKA,2013,1,383507.0,581626.0
HND-OKA,2013,2,389012.0,542186.0
HND-OKA,2013,3,468283.0,623430.0
HND-OKA,2013,4,390317.0,583706.0
HND-OKA,2013,5,319180.0,606844.0
HND-OKA,2013,6,329539.0,616961.0
HND-OKA,2013,7,436893.0,707422.0
HND-OKA,2013,8,559944.0,739210.0
HND-OKA,2013,9,485244.0,660153.0
HND-OKA,2013,10,458067.0,654808.0
HND-OKA,2013,11,438010.0,617388.0
HND-OKA,2013,12,419276.0,634273.0
HND-OKA,2014,1,400806.0,626708.0
HND-OKA,2014,2,379669.0,531894.0
HND-OKA,2014,3,478713.0,636392.0
HND-OKA,2014,4,362703.0,576369.0
HND-OKA,2014,5,319046.0,590495.0
HND-OKA,2014,6,322617.0,547876.0
HND-OKA,2014,7,426134.0,609657.0
HND-OKA,2014,8,518022.0,668050.0
HND-OKA,2014,9,443146.0,586628.0
HND-OKA,2014,10,431561.0,563666.0
HND-OKA,2014,11,443026.0,594541.0
HND-OKA,2014,12,402596.0,615381.0
HND-OKA,2015,1,394295.0,602421.0
HND-OKA,2015,2,371214.0,561877.0
HND-OKA,2015,3,470400.0,637394.0
HND-OKA,2015,4,397922.0,626681.0
HND-OKA,2015,5,362001.0,640174.0
HND-OKA,2015,6,348042.0,594680.0
HND-OKA,2015,7,456955.0,653648.0
HND-OKA,2015,8,539820.0,719088.0
HND-OKA,2015,9,500906.0,659692.0
HND-OKA,2015,10,496778.0,639354.0
HND-OKA,2015,11,460745.0,573898.0
HND-OKA,2015,12,408805.0,580437.0
HND-OKA,2016,1,416585.0,561273.0
HND-OKA,2016,2,389075.0,532320.0
HND-OKA,2016,3,468413.0,629816.0
HND-OKA,2016,4,399361.0,623168.0
HND-OKA,2016,5,377941.0,642799.0
HND-OKA,2016,6,389017.0,611340.0
HND-OKA,2016,7,476370.0,688518.0
HND-OKA,2016,8,581827.0,711955.0
HND-OKA,2016,9,511117.0,653540.0
HND-OKA,2016,10,504009.0,642444.0
HND-OKA,2016,11,483621.0,617340.0
HND-OKA,2016,12,447975.0,622960.0
HND-OKA,2017,1,454492.0,610601.0
HND-OKA,2017,2,406867.0,532309.0
HND-OKA,2017,3,508402.0,628033.0
HND-OKA,2017,4,415709.0,608194.0
HND-OKA,2017,5,404304.0,611935.0
HND-OKA,2017,6,413829.0,591437.0
HND-OKA,2017,7,512699.0,664623.0
HND-OKA,2017,8,624601.0,690092.0
HND-OKA,2017,9,538957.0,642490.0
HND-OKA,2017,10,505072.0,623424.0
HND-OKA,2017,11,522842.0,619659.0
HND-OKA,2017,12,456822.0,633884.0
HND-OKA,2018,1,469672.0,624167.0
HND-OKA,2018,2,428414.0,558051.0
HND-OKA,2018,3,503563.0,631973.0
HND-OKA,2018,4,435443.0,607469.0
HND-OKA,2018,5,396701.0,610119.0
HND-OKA,2018,6,423655.0,583514.0
HND-OKA,2018,7,513123.0,649963.0
HND-OKA,2018,8,637054.0,702238.0
HND-OKA,2018,9,529836.0,604280.0
HND-OKA,2018,10,542152.0,641903.0
HND-OKA,2018,11,542864.0,643598.0
HND-OKA,2018,12,496888.0,658006.0
HND-OKA,2019,1,466226.0,633961.0
HND-OKA,2019,2,436423.0,569832.0
HND-OKA,2019,3,532820.0,656318.0
HND-OKA,2019,4,474208.0,635213.0
HND-OKA,2019,5,457779.0,638924.0
HND-OKA,2019,6,449477.0,611939.0
HND-OKA,2019,7,548019.0,684642.0
HND-OKA,2019,8,632245.0,697040.0
HND-OKA,2019,9,528575.0,627148.0
HND-OKA,2019,10,536046.0,630640.0
HND-OKA,2019,11,545543.0,636489.0
HND-OKA,2019,12,498010.0,643493.0
HND-OKA,2021,1,136016.0,440913.0
HND-OKA,2021,2,109823.0,258304.0
HND-OKA,2021,3,234515.0,397548.0
HND-OKA,2021,4,225050.0,457587.0
HND-OKA,2021,5,197023.0,412875.0
HND-OKA,2021,6,162302.0,394700.0
HND-OKA,2021,7,198512.0,410313.0
HND-OKA,2021,8,235137.0,512349.0
HND-OKA,2021,9,183629.0,420958.0
HND-OKA,2021,10,235739.0,413759.0
HND-OKA,2021,11,318815.0,493090.0
HND-OKA,2021,12,360619.0,591875.0
HND-OKA,2022,1,217011.0,540100.0
HND-OKA,2022,2,164090.0,378648.0
HND-OKA,2022,3,336687.0,555825.0
HND-OKA,2022,4,330579.0,539197.0
HND-OKA,2022,5,354199.0,578500.0
HND-OKA,2022,6,364725.0,552889.0
HND-OKA,2022,7,547139.0,672800.0
HND-OKA,2022,8,567279.0,675451.0
HND-OKA,2022,9,451463.0,640144.0
HND-OKA,2022,10,555834.0,693669.0
HND-OKA,2022,11,566236.0,650748.0
HND-OKA,2022,12,556517.0,680184.0
HND-OKA,2023,1,448446.0,631234.0
HND-OKA,2023,2,489865.0,575292.0
HND-OKA,2023,3,607280.0,687585.0
HND-OKA,2023,4,520480.0,665705.0
HND-OKA,2023,5,491870.0,681534.0
HND-OKA,2023,6,479539.0,618858.0
HND-OKA,2023,7,574937.0,679814.0
HND-OKA,2023,8,524164.0,596874.0
HND-OKA,2023,9,524355.0,658380.0
HND-OKA,2023,10,591644.0,687361.0
HND-OKA,2023,11,555964.0,654537.0
HND-OKA,2023,12,516284.0,682710.0
HND-OKA,2024,1,461423.0,637123.0
HND-OKA,2024,2,520945.0,592495.0
HND-OKA,2024,3,596989.0,695285.0
HND-OKA,2024,4,498347.0,651993.0
HND-OKA,2024,5,476106.0,681722.0
HND-OKA,2024,6,482733.0,646413.0
HND-OKA,2024,7,614090.0,705824.0
HND-OKA,2024,8,656450.0,694059.0
HND-OKA,2024,9,572066.0,668844.0
HND-OKA,2024,10,623133.0,690280.0
HND-OKA,2024,11,582889.0,659394.0
HND-OKA,2024,12,550437.0,678672.0
HND-OKA,2025,1,516408.0,652223.0
HND-OKA,2025,2,539486.0,602188.0
HND-OKA,2025,3,611723.0,680354.0
HND-OKA,2025,4,520731.0,660791.0
HND-OKA,2025,5,498444.0,671366.0
HND-OKA,2025,6,498092.0,654791.0
HND-OKA,2025,7,620462.0,703823.0
HND-OKA,2025,8,672005.0,704422.0
HND-OKA,2025,9,627980.0,691415.0
HND-OKA,2025,10,654173.0,699426.0
HND-OKA,2025,11,602960.0,672511.0
HND-OKA,2025,12,574483.0,696345.0
HND-FUK,2006,1,627413.0,1107210.0
HND-FUK,2006,2,638510.0,999340.0
HND-FUK,2006,3,756907.0,1089226.0
HND-FUK,2006,4,658946.0,1031593.0
HND-FUK,2006,5,679691.0,1076984.0
HND-FUK,2006,6,634098.0,1063418.0
HND-FUK,2006,7,638599.0,1129302.0
HND-FUK,2006,8,678858.0,1128624.0
HND-FUK,2006,9,657935.0,1030382.0
HND-FUK,2006,10,751892.0,1053134.0
HND-FUK,2006,11,741022.0,1072462.0
HND-FUK,2006,12,640768.0,1101698.0
HND-FUK,2007,1,613037.0,1107187.0
HND-FUK,2007,2,635853.0,1001972.0
HND-FUK,2007,3,747910.0,1116731.0
HND-FUK,2007,4,628745.0,1077339.0
HND-FUK,2007,5,663105.0,1094899.0
HND-FUK,2007,6,624589.0,1026648.0
HND-FUK,2007,7,634206.0,1054578.0
HND-FUK,2007,8,715004.0,1074824.0
HND-FUK,2007,9,663043.0,1007446.0
HND-FUK,2007,10,723027.0,1082135.0
HND-FUK,2007,11,758269.0,1057967.0
HND-FUK,2007,12,663658.0,1055855.0
HND-FUK,2008,1,612609.0,1057564.0
HND-FUK,2008,2,666636.0,957650.0
HND-FUK,2008,3,782611.0,1060742.0
HND-FUK,2008,4,641719.0,1029552.0
HND-FUK,2008,5,699798.0,1065760.0
HND-FUK,2008,6,639387.0,1001344.0
HND-FUK,2008,7,680556.0,1002699.0
HND-FUK,2008,8,706382.0,1005725.0
HND-FUK,2008,9,680936.0,972241.0
HND-FUK,2008,10,735472.0,1037512.0
HND-FUK,2008,11,738379.0,1002554.0
HND-FUK,2008,12,622958.0,1029477.0
HND-FUK,2009,1,595567.0,1006654.0
HND-FUK,2009,2,594484.0,916951.0
HND-FUK,2009,3,699683.0,1027643.0
HND-FUK,2009,4,575966.0,1034025.0
HND-FUK,2009,5,616603.0,1050542.0
HND-FUK,2009,6,550604.0,1002739.0
HND-FUK,2009,7,616833.0,1009395.0
HND-FUK,2009,8,635577.0,1030584.0
HND-FUK,2009,9,678741.0,992113.0
HND-FUK,2009,10,670541.0,1032750.0
HND-FUK,2009,11,679458.0,949547.0
HND-FUK,2009,12,594891.0,966178.0
HND-FUK,2010,1,579472.0,970130.0
HND-FUK,2010,2,604353.0,858849.0
HND-FUK,2010,3,700305.0,955940.0
HND-FUK,2010,4,587351.0,921677.0
HND-FUK,2010,5,628975.0,965359.0
HND-FUK,2010,6,573531.0,912977.0
HND-FUK,2010,7,618259.0,951443.0
HND-FUK,2010,8,643425.0,952974.0
HND-FUK,2010,9,633261.0,938863.0
HND-FUK,2010,10,695681.0,965578.0
HND-FUK,2010,11,680368.0,964595.0
HND-FUK,2010,12,590533.0,984145.0
HND-FUK,2011,1,585682.0,991647.0
HND-FUK,2011,2,605675.0,894596.0
HND-FUK,2011,3,531674.0,971533.0
HND-FUK,2011,4,474370.0,866368.0
HND-FUK,2011,5,559051.0,872884.0
HND-FUK,2011,6,544935.0,826492.0
HND-FUK,2011,7,596178.0,972708.0
HND-FUK,2011,8,653214.0,983412.0
HND-FUK,2011,9,633802.0,940421.0
HND-FUK,2011,10,687679.0,1000285.0
HND-FUK,2011,11,684339.0,963766.0
HND-FUK,2011,12,615840.0,990870.0
HND-FUK,2012,1,605091.0,989512.0
HND-FUK,2012,2,614530.0,923838.0
HND-FUK,2012,3,676566.0,998335.0
HND-FUK,2012,4,592024.0,943839.0
HND-FUK,2012,5,629281.0,972287.0
HND-FUK,2012,6,586636.0,929677.0
HND-FUK,2012,7,606466.0,977706.0
HND-FUK,2012,8,638231.0,990425.0
HND-FUK,2012,9,617710.0,934480.0
HND-FUK,2012,10,681032.0,967748.0
HND-FUK,2012,11,718274.0,942305.0
HND-FUK,2012,12,636539.0,967118.0
HND-FUK,2013,1,589834.0,943869.0
HND-FUK,2013,2,599211.0,882174.0
HND-FUK,2013,3,669224.0,969435.0
HND-FUK,2013,4,601360.0,1019277.0
HND-FUK,2013,5,655664.0,1064847.0
HND-FUK,2013,6,602587.0,1009193.0
HND-FUK,2013,7,631824.0,1027278.0
HND-FUK,2013,8,674458.0,1019334.0
HND-FUK,2013,9,666101.0,967659.0
HND-FUK,2013,10,683617.0,1004991.0
HND-FUK,2013,11,728317.0,981528.0
HND-FUK,2013,12,690122.0,1019728.0
HND-FUK,2014,1,645948.0,1027774.0
HND-FUK,2014,2,613491.0,868402.0
HND-FUK,2014,3,738630.0,1001524.0
HND-FUK,2014,4,619563.0,952142.0
HND-FUK,2014,5,681759.0,981269.0
HND-FUK,2014,6,636804.0,962259.0
HND-FUK,2014,7,651449.0,1021371.0
HND-FUK,2014,8,723463.0,1030586.0
HND-FUK,2014,9,681018.0,1005428.0
HND-FUK,2014,10,731325.0,1010310.0
HND-FUK,2014,11,767772.0,1007258.0
HND-FUK,2014,12,693062.0,1020754.0
HND-FUK,2015,1,659896.0,1038040.0
HND-FUK,2015,2,645437.0,882432.0
HND-FUK,2015,3,732209.0,979274.0
HND-FUK,2015,4,608517.0,930631.0
HND-FUK,2015,5,669042.0,964226.0
HND-FUK,2015,6,619520.0,920347.0
HND-FUK,2015,7,657544.0,951549.0
HND-FUK,2015,8,689473.0,956377.0
HND-FUK,2015,9,695007.0,929353.0
HND-FUK,2015,10,736608.0,963040.0
HND-FUK,2015,11,732632.0,947041.0
HND-FUK,2015,12,689908.0,961512.0
HND-FUK,2016,1,666434.0,961882.0
HND-FUK,2016,2,658332.0,891036.0
HND-FUK,2016,3,735936.0,945300.0
HND-FUK,2016,4,626753.0,917813.0
HND-FUK,2016,5,648824.0,944880.0
HND-FUK,2016,6,622642.0,919011.0
HND-FUK,2016,7,674787.0,956862.0
HND-FUK,2016,8,707473.0,952166.0
HND-FUK,2016,9,678381.0,916660.0
HND-FUK,2016,10,727745.0,950648.0
HND-FUK,2016,11,725548.0,941004.0
HND-FUK,2016,12,725619.0,970418.0
HND-FUK,2017,1,677057.0,963110.0
HND-FUK,2017,2,657553.0,873057.0
HND-FUK,2017,3,764160.0,969044.0
HND-FUK,2017,4,650788.0,928387.0
HND-FUK,2017,5,697866.0,958060.0
HND-FUK,2017,6,671982.0,916996.0
HND-FUK,2017,7,701492.0,957916.0
HND-FUK,2017,8,746358.0,962153.0
HND-FUK,2017,9,715558.0,915192.0
HND-FUK,2017,10,767779.0,934159.0
HND-FUK,2017,11,762820.0,920534.0
HND-FUK,2017,12,720356.0,958179.0
HND-FUK,2018,1,669138.0,935923.0
HND-FUK,2018,2,669125.0,848391.0
HND-FUK,2018,3,765415.0,951267.0
HND-FUK,2018,4,674794.0,920687.0
HND-FUK,2018,5,713906.0,949125.0
HND-FUK,2018,6,695895.0,925952.0
HND-FUK,2018,7,691223.0,879440.0
HND-FUK,2018,8,736661.0,904740.0
HND-FUK,2018,9,724795.0,901837.0
HND-FUK,2018,10,764800.0,949431.0
HND-FUK,2018,11,797877.0,949509.0
HND-FUK,2018,12,743757.0,969168.0
HND-FUK,2019,1,699478.0,967281.0
HND-FUK,2019,2,696582.0,874231.0
HND-FUK,2019,3,784734.0,962155.0
HND-FUK,2019,4,686593.0,932425.0
HND-FUK,2019,5,733771.0,959694.0
HND-FUK,2019,6,696133.0,928762.0
HND-FUK,2019,7,725799.0,962068.0
HND-FUK,2019,8,747121.0,950540.0
HND-FUK,2019,9,744259.0,930337.0
HND-FUK,2019,10,746021.0,934506.0
HND-FUK,2019,11,792510.0,952389.0
HND-FUK,2019,12,758943.0,980830.0
HND-FUK,2021,1,180049.0,525106.0
HND-FUK,2021,2,189530.0,348304.0
HND-FUK,2021,3,345115.0,529388.0
HND-FUK,2021,4,331269.0,594699.0
HND-FUK,2021,5,233573.0,512830.0
HND-FUK,2021,6,262658.0,478059.0
HND-FUK,2021,7,349361.0,573839.0
HND-FUK,2021,8,322624.0,656685.0
HND-FUK,2021,9,269999.0,543569.0
HND-FUK,2021,10,427182.0,647446.0
HND-FUK,2021,11,544922.0,748954.0
HND-FUK,2021,12,622007.0,859140.0
HND-FUK,2022,1,438598.0,870052.0
HND-FUK,2022,2,264125.0,583873.0
HND-FUK,2022,3,473142.0,783685.0
HND-FUK,2022,4,495823.0,813616.0
HND-FUK,2022,5,537081.0,881203.0
HND-FUK,2022,6,514309.0,832520.0
HND-FUK,2022,7,561450.0,896114.0
HND-FUK,2022,8,599730.0,899580.0
HND-FUK,2022,9,568047.0,817936.0
HND-FUK,2022,10,687116.0,928364.0
HND-FUK,2022,11,731869.0,941127.0
HND-FUK,2022,12,741781.0,995414.0
HND-FUK,2023,1,659615.0,986670.0
HND-FUK,2023,2,669078.0,876206.0
HND-FUK,2023,3,753972.0,961169.0
HND-FUK,2023,4,656534.0,902643.0
HND-FUK,2023,5,715565.0,947496.0
HND-FUK,2023,6,671148.0,905949.0
HND-FUK,2023,7,660758.0,940727.0
HND-FUK,2023,8,740018.0,946982.0
HND-FUK,2023,9,666448.0,900482.0
HND-FUK,2023,10,751359.0,942356.0
HND-FUK,2023,11,785389.0,945431.0
HND-FUK,2023,12,777986.0,1007066.0
HND-FUK,2024,1,663770.0,905992.0
HND-FUK,2024,2,702156.0,846770.0
HND-FUK,2024,3,792845.0,927085.0
HND-FUK,2024,4,650247.0,904948.0
HND-FUK,2024,5,717368.0,975966.0
HND-FUK,2024,6,668836.0,952376.0
HND-FUK,2024,7,714651.0,962609.0
HND-FUK,2024,8,752259.0,906237.0
HND-FUK,2024,9,759469.0,942601.0
HND-FUK,2024,10,811906.0,993830.0
HND-FUK,2024,11,851278.0,978982.0
HND-FUK,2024,12,828089.0,1001963.0
HND-FUK,2025,1,735737.0,1001805.0
HND-FUK,2025,2,747533.0,887507.0
HND-FUK,2025,3,819102.0,999508.0
HND-FUK,2025,4,709596.0,953087.0
HND-FUK,2025,5,747090.0,969492.0
HND-FUK,2025,6,724420.0,936294.0
HND-FUK,2025,7,754554.0,969430.0
HND-FUK,2025,8,828570.0,988452.0
HND-FUK,2025,9,766856.0,939218.0
HND-FUK,2025,10,845773.0,982935.0
HND-FUK,2025,11,871241.0,992234.0
HND-FUK,2025,12,848214.0,1015045.0
HND-KIX,2006,1,139411.0,246046.0
HND-KIX,2006,2,136593.0,227876.0
HND-KIX,2006,3,159163.0,232890.0
HND-KIX,2006,4,132739.0,199338.0
HND-KIX,2006,5,139403.0,208638.0
HND-KIX,2006,6,129284.0,202021.0
HND-KIX,2006,7,132990.0,204935.0
HND-KIX,2006,8,146857.0,206942.0
HND-KIX,2006,9,138445.0,200376.0
HND-KIX,2006,10,144271.0,202008.0
HND-KIX,2006,11,147001.0,199310.0
HND-KIX,2006,12,137174.0,201724.0
HND-KIX,2007,1,122642.0,201002.0
HND-KIX,2007,2,125977.0,194887.0
HND-KIX,2007,3,156542.0,221487.0
HND-KIX,2007,4,125810.0,223739.0
HND-KIX,2007,5,131815.0,231347.0
HND-KIX,2007,6,123707.0,225528.0
HND-KIX,2007,7,125372.0,229392.0
HND-KIX,2007,8,139030.0,229628.0
HND-KIX,2007,9,148883.0,242386.0
HND-KIX,2007,10,159617.0,262497.0
HND-KIX,2007,11,158358.0,248343.0
HND-KIX,2007,12,151063.0,266078.0
HND-KIX,2008,1,133534.0,259791.0
HND-KIX,2008,2,141285.0,250048.0
HND-KIX,2008,3,160663.0,252605.0
HND-KIX,2008,4,128455.0,231450.0
HND-KIX,2008,5,137527.0,239358.0
HND-KIX,2008,6,128888.0,226962.0
HND-KIX,2008,7,131465.0,229410.0
HND-KIX,2008,8,145821.0,231113.0
HND-KIX,2008,9,135907.0,220748.0
HND-KIX,2008,10,136260.0,223569.0
HND-KIX,2008,11,125770.0,167262.0
HND-KIX,2008,12,119631.0,174044.0
HND-KIX,2009,1,107486.0,178893.0
HND-KIX,2009,2,99664.0,148739.0
HND-KIX,2009,3,120733.0,168902.0
HND-KIX,2009,4,98533.0,150540.0
HND-KIX,2009,5,99977.0,155721.0
HND-KIX,2009,6,93993.0,152043.0
HND-KIX,2009,7,104972.0,156698.0
HND-KIX,2009,8,116114.0,156475.0
HND-KIX,2009,9,112112.0,152618.0
HND-KIX,2009,10,106830.0,159738.0
HND-KIX,2009,11,107721.0,156967.0
HND-KIX,2009,12,106704.0,165949.0
HND-KIX,2010,1,97843.0,166429.0
HND-KIX,2010,2,97444.0,149217.0
HND-KIX,2010,3,118876.0,168209.0
HND-KIX,2010,4,96697.0,160861.0
HND-KIX,2010,5,100630.0,170277.0
HND-KIX,2010,6,94700.0,173822.0
HND-KIX,2010,7,100214.0,173315.0
HND-KIX,2010,8,115418.0,172935.0
HND-KIX,2010,9,105825.0,166725.0
HND-KIX,2010,10,107986.0,166897.0
HND-KIX,2010,11,95454.0,126694.0
HND-KIX,2010,12,92584.0,132122.0
HND-KIX,2011,1,83902.0,134240.0
HND-KIX,2011,2,81410.0,121580.0
HND-KIX,2011,3,74605.0,133989.0
HND-KIX,2011,4,64294.0,148830.0
HND-KIX,2011,5,81323.0,153985.0
HND-KIX,2011,6,76526.0,150207.0
HND-KIX,2011,7,80727.0,156503.0
HND-KIX,2011,8,102426.0,156131.0
HND-KIX,2011,9,88985.0,149637.0
HND-KIX,2011,10,94391.0,157198.0
HND-KIX,2011,11,93213.0,138756.0
HND-KIX,2011,12,95062.0,143119.0
HND-KIX,2012,1,83687.0,142822.0
HND-KIX,2012,2,83132.0,134328.0
HND-KIX,2012,3,97558.0,144251.0
HND-KIX,2012,4,85194.0,136738.0
HND-KIX,2012,5,85869.0,132142.0
HND-KIX,2012,6,79989.0,126791.0
HND-KIX,2012,7,85855.0,131828.0
HND-KIX,2012,8,101034.0,131574.0
HND-KIX,2012,9,89898.0,124523.0
HND-KIX,2012,10,88927.0,131010.0
HND-KIX,2012,11,93915.0,126829.0
HND-KIX,2012,12,89135.0,130671.0
HND-KIX,2013,1,77938.0,128844.0
HND-KIX,2013,2,78979.0,119617.0
HND-KIX,2013,3,93393.0,138319.0
HND-KIX,2013,4,86038.0,141583.0
HND-KIX,2013,5,91719.0,147348.0
HND-KIX,2013,6,86366.0,135400.0
HND-KIX,2013,7,89038.0,143050.0
HND-KIX,2013,8,107446.0,144770.0
HND-KIX,2013,9,98832.0,135707.0
HND-KIX,2013,10,95063.0,138377.0
HND-KIX,2013,11,100154.0,136333.0
HND-KIX,2013,12,96210.0,139133.0
HND-KIX,2014,1,87206.0,141369.0
HND-KIX,2014,2,78366.0,121952.0
HND-KIX,2014,3,98700.0,143421.0
HND-KIX,2014,4,85968.0,143211.0
HND-KIX,2014,5,93520.0,147248.0
HND-KIX,2014,6,88926.0,144886.0
HND-KIX,2014,7,92153.0,153927.0
HND-KIX,2014,8,105031.0,149113.0
HND-KIX,2014,9,96961.0,146857.0
HND-KIX,2014,10,92533.0,148765.0
HND-KIX,2014,11,93657.0,136824.0
HND-KIX,2014,12,89970.0,140155.0
HND-KIX,2015,1,82482.0,128239.0
HND-KIX,2015,2,84520.0,126796.0
HND-KIX,2015,3,101108.0,140349.0
HND-KIX,2015,4,86459.0,127148.0
HND-KIX,2015,5,92867.0,133856.0
HND-KIX,2015,6,83945.0,136325.0
HND-KIX,2015,7,89011.0,138712.0
HND-KIX,2015,8,105176.0,139890.0
HND-KIX,2015,9,98361.0,135688.0
HND-KIX,2015,10,98043.0,146057.0
HND-KIX,2015,11,102318.0,157759.0
HND-KIX,2015,12,98747.0,162520.0
HND-KIX,2016,1,91591.0,161573.0
HND-KIX,2016,2,91619.0,149171.0
HND-KIX,2016,3,112674.0,159001.0
HND-KIX,2016,4,99043.0,148797.0
HND-KIX,2016,5,97619.0,152362.0
HND-KIX,2016,6,92662.0,156205.0
HND-KIX,2016,7,102400.0,160016.0
HND-KIX,2016,8,118089.0,158351.0
HND-KIX,2016,9,105059.0,154822.0
HND-KIX,2016,10,107588.0,160558.0
HND-KIX,2016,11,108873.0,157305.0
HND-KIX,2016,12,110331.0,161341.0
HND-KIX,2017,1,100567.0,162957.0
HND-KIX,2017,2,98429.0,145997.0
HND-KIX,2017,3,120418.0,161448.0
HND-KIX,2017,4,104068.0,156470.0
HND-KIX,2017,5,106519.0,163257.0
HND-KIX,2017,6,97198.0,157986.0
HND-KIX,2017,7,101290.0,162585.0
HND-KIX,2017,8,119777.0,161726.0
HND-KIX,2017,9,107229.0,156191.0
HND-KIX,2017,10,108372.0,157107.0
HND-KIX,2017,11,115077.0,153328.0
HND-KIX,2017,12,108002.0,157889.0
HND-KIX,2018,1,95434.0,156224.0
HND-KIX,2018,2,99825.0,142360.0
HND-KIX,2018,3,127583.0,158854.0
HND-KIX,2018,4,112115.0,152907.0
HND-KIX,2018,5,110324.0,156312.0
HND-KIX,2018,6,106948.0,153427.0
HND-KIX,2018,7,105404.0,142848.0
HND-KIX,2018,8,115919.0,138161.0
HND-KIX,2018,9,54902.0,91377.0
HND-KIX,2018,10,106636.0,145758.0
HND-KIX,2018,11,113621.0,152031.0
HND-KIX,2018,12,109964.0,156190.0
HND-KIX,2019,1,103422.0,157907.0
HND-KIX,2019,2,103285.0,142374.0
HND-KIX,2019,3,127887.0,157656.0
HND-KIX,2019,4,111559.0,153034.0
HND-KIX,2019,5,113269.0,158616.0
HND-KIX,2019,6,100148.0,153498.0
HND-KIX,2019,7,108518.0,158880.0
HND-KIX,2019,8,116816.0,151027.0
HND-KIX,2019,9,113217.0,152368.0
HND-KIX,2019,10,109295.0,150688.0
HND-KIX,2019,11,119571.0,153874.0
HND-KIX,2019,12,117761.0,157750.0
HND-KIX,2021,1,21456.0,90172.0
HND-KIX,2021,2,19873.0,64020.0
HND-KIX,2021,3,39855.0,88912.0
HND-KIX,2021,4,32807.0,90311.0
HND-KIX,2021,5,24287.0,83328.0
HND-KIX,2021,6,27730.0,78003.0
HND-KIX,2021,7,37354.0,82569.0
HND-KIX,2021,8,32720.0,86148.0
HND-KIX,2021,9,31681.0,88558.0
HND-KIX,2021,10,44181.0,89007.0
HND-KIX,2021,11,61356.0,98489.0
HND-KIX,2021,12,74329.0,125240.0
HND-KIX,2022,1,54383.0,126081.0
HND-KIX,2022,2,30190.0,89542.0
HND-KIX,2022,3,64422.0,110023.0
HND-KIX,2022,4,62280.0,109299.0
HND-KIX,2022,5,72428.0,129599.0
HND-KIX,2022,6,72357.0,130769.0
HND-KIX,2022,7,82832.0,135654.0
HND-KIX,2022,8,84520.0,133181.0
HND-KIX,2022,9,85276.0,129793.0
HND-KIX,2022,10,100367.0,139200.0
HND-KIX,2022,11,105469.0,131714.0
HND-KIX,2022,12,112147.0,139598.0
HND-KIX,2023,1,93228.0,139222.0
HND-KIX,2023,2,89633.0,126853.0
HND-KIX,2023,3,115031.0,139584.0
HND-KIX,2023,4,92885.0,131952.0
HND-KIX,2023,5,94641.0,136606.0
HND-KIX,2023,6,87945.0,129471.0
HND-KIX,2023,7,87195.0,132635.0
HND-KIX,2023,8,100293.0,131460.0
HND-KIX,2023,9,91231.0,133138.0
HND-KIX,2023,10,97665.0,137902.0
HND-KIX,2023,11,108279.0,141858.0
HND-KIX,2023,12,105172.0,145108.0
HND-KIX,2024,1,81591.0,133478.0
HND-KIX,2024,2,94139.0,134323.0
HND-KIX,2024,3,110187.0,146977.0
HND-KIX,2024,4,91179.0,138968.0
HND-KIX,2024,5,94816.0,151374.0
HND-KIX,2024,6,88572.0,142101.0
HND-KIX,2024,7,98275.0,148897.0
HND-KIX,2024,8,104342.0,142351.0
HND-KIX,2024,9,98789.0,144539.0
HND-KIX,2024,10,99314.0,148389.0
HND-KIX,2024,11,107260.0,137602.0
HND-KIX,2024,12,106100.0,141187.0
HND-KIX,2025,1,99502.0,143972.0
HND-KIX,2025,2,95559.0,128926.0
HND-KIX,2025,3,107513.0,143205.0
HND-KIX,2025,4,101930.0,132507.0
HND-KIX,2025,5,104938.0,135130.0
HND-KIX,2025,6,101215.0,132254.0
HND-KIX,2025,7,101462.0,135660.0
HND-KIX,2025,8,112222.0,137075.0
HND-KIX,2025,9,106289.0,130484.0
HND-KIX,2025,10,109778.0,133234.0
HND-KIX,2025,11,106724.0,128804.0
HND-KIX,2025,12,104848.0,134435.0
FUK-CTS,2006,1,66825.0,95642.0
FUK-CTS,2006,2,56492.0,76796.0
FUK-CTS,2006,3,54675.0,80569.0
FUK-CTS,2006,4,24193.0,74640.0
FUK-CTS,2006,5,37995.0,75679.0
FUK-CTS,2006,6,49187.0,78772.0
FUK-CTS,2006,7,53354.0,80768.0
FUK-CTS,2006,8,51216.0,80125.0
FUK-CTS,2006,9,56082.0,75443.0
FUK-CTS,2006,10,58518.0,79880.0
FUK-CTS,2006,11,39892.0,79848.0
FUK-CTS,2006,12,46425.0,85176.0
FUK-CTS,2007,1,61441.0,93572.0
FUK-CTS,2007,2,54072.0,77817.0
FUK-CTS,2007,3,46952.0,80388.0
FUK-CTS,2007,4,22835.0,58573.0
FUK-CTS,2007,5,33452.0,60845.0
FUK-CTS,2007,6,45412.0,75600.0
FUK-CTS,2007,7,48404.0,77133.0
FUK-CTS,2007,8,50909.0,77935.0
FUK-CTS,2007,9,53899.0,75015.0
FUK-CTS,2007,10,46756.0,77521.0
FUK-CTS,2007,11,35820.0,61896.0
FUK-CTS,2007,12,40957.0,63172.0
FUK-CTS,2008,1,52405.0,70624.0
FUK-CTS,2008,2,45346.0,59272.0
FUK-CTS,2008,3,42314.0,60248.0
FUK-CTS,2008,4,22011.0,50842.0
FUK-CTS,2008,5,36527.0,58672.0
FUK-CTS,2008,6,38738.0,57633.0
FUK-CTS,2008,7,40809.0,60000.0
FUK-CTS,2008,8,44445.0,61306.0
FUK-CTS,2008,9,44407.0,58297.0
FUK-CTS,2008,10,44493.0,61100.0
FUK-CTS,2008,11,35339.0,60096.0
FUK-CTS,2008,12,38896.0,59543.0
FUK-CTS,2009,1,47775.0,63156.0
FUK-CTS,2009,2,37048.0,54247.0
FUK-CTS,2009,3,37830.0,59340.0
FUK-CTS,2009,4,19222.0,49857.0
FUK-CTS,2009,5,33128.0,51519.0
FUK-CTS,2009,6,37815.0,49845.0
FUK-CTS,2009,7,41303.0,51522.0
FUK-CTS,2009,8,42728.0,51521.0
FUK-CTS,2009,9,43883.0,49845.0
FUK-CTS,2009,10,42119.0,52721.0
FUK-CTS,2009,11,30641.0,49000.0
FUK-CTS,2009,12,33945.0,52228.0
FUK-CTS,2010,1,43461.0,57846.0
FUK-CTS,2010,2,36706.0,45914.0
FUK-CTS,2010,3,37066.0,52550.0
FUK-CTS,2010,4,18761.0,33649.0
FUK-CTS,2010,5,29549.0,36112.0
FUK-CTS,2010,6,38074.0,48701.0
FUK-CTS,2010,7,37977.0,50590.0
FUK-CTS,2010,8,40115.0,50592.0
FUK-CTS,2010,9,41948.0,48744.0
FUK-CTS,2010,10,33728.0,38429.0
FUK-CTS,2010,11,30407.0,44155.0
FUK-CTS,2010,12,29169.0,51989.0
FUK-CTS,2011,1,38397.0,55678.0
FUK-CTS,2011,2,32607.0,42835.0
FUK-CTS,2011,3,28332.0,45866.0
FUK-CTS,2011,4,14854.0,37604.0
FUK-CTS,2011,5,21640.0,36298.0
FUK-CTS,2011,6,27855.0,50738.0
FUK-CTS,2011,7,35386.0,61743.0
FUK-CTS,2011,8,40368.0,64229.0
FUK-CTS,2011,9,40650.0,57420.0
FUK-CTS,2011,10,40909.0,63684.0
FUK-CTS,2011,11,27780.0,56717.0
FUK-CTS,2011,12,31376.0,58064.0
FUK-CTS,2012,1,36425.0,58962.0
FUK-CTS,2012,2,36657.0,55157.0
FUK-CTS,2012,3,31849.0,54292.0
FUK-CTS,2012,4,19272.0,40946.0
FUK-CTS,2012,5,28067.0,43779.0
FUK-CTS,2012,6,35873.0,61713.0
FUK-CTS,2012,7,36827.0,64708.0
FUK-CTS,2012,8,41870.0,63778.0
FUK-CTS,2012,9,39100.0,58942.0
FUK-CTS,2012,10,41949.0,59789.0
FUK-CTS,2012,11,31173.0,49850.0
FUK-CTS,2012,12,33398.0,52093.0
FUK-CTS,2013,1,40203.0,54322.0
FUK-CTS,2013,2,39427.0,59718.0
FUK-CTS,2013,3,35626.0,54276.0
FUK-CTS,2013,4,26508.0,58140.0
FUK-CTS,2013,5,35783.0,60078.0
FUK-CTS,2013,6,37526.0,66894.0
FUK-CTS,2013,7,43075.0,69403.0
FUK-CTS,2013,8,47619.0,68447.0
FUK-CTS,2013,9,45788.0,59489.0
FUK-CTS,2013,10,45301.0,62256.0
FUK-CTS,2013,11,41185.0,60789.0
FUK-CTS,2013,12,36687.0,61418.0
FUK-CTS,2014,1,42850.0,65709.0
FUK-CTS,2014,2,39825.0,56362.0
FUK-CTS,2014,3,41596.0,62112.0
FUK-CTS,2014,4,27649.0,49590.0
FUK-CTS,2014,5,34146.0,49785.0
FUK-CTS,2014,6,37688.0,51210.0
FUK-CTS,2014,7,39407.0,56544.0
FUK-CTS,2014,8,43744.0,56403.0
FUK-CTS,2014,9,44206.0,54714.0
FUK-CTS,2014,10,45587.0,56403.0
FUK-CTS,2014,11,39391.0,54720.0
FUK-CTS,2014,12,37614.0,56049.0
FUK-CTS,2015,1,42726.0,57784.0
FUK-CTS,2015,2,36151.0,50730.0
FUK-CTS,2015,3,39598.0,56122.0
FUK-CTS,2015,4,29309.0,57090.0
FUK-CTS,2015,5,36475.0,56301.0
FUK-CTS,2015,6,38885.0,58695.0
FUK-CTS,2015,7,41730.0,65924.0
FUK-CTS,2015,8,47046.0,67188.0
FUK-CTS,2015,9,49261.0,65069.0
FUK-CTS,2015,10,48848.0,67021.0
FUK-CTS,2015,11,42082.0,65097.0
FUK-CTS,2015,12,42266.0,68853.0
FUK-CTS,2016,1,46805.0,68150.0
FUK-CTS,2016,2,44441.0,62070.0
FUK-CTS,2016,3,45973.0,65446.0
FUK-CTS,2016,4,29112.0,47495.0
FUK-CTS,2016,5,34616.0,50059.0
FUK-CTS,2016,6,37094.0,54538.0
FUK-CTS,2016,7,39011.0,56544.0
FUK-CTS,2016,8,45343.0,56542.0
FUK-CTS,2016,9,47363.0,65159.0
FUK-CTS,2016,10,44259.0,66561.0
FUK-CTS,2016,11,42226.0,65558.0
FUK-CTS,2016,12,39483.0,63747.0
FUK-CTS,2017,1,48719.0,69382.0
FUK-CTS,2017,2,42526.0,61740.0
FUK-CTS,2017,3,47330.0,65394.0
FUK-CTS,2017,4,28577.0,45393.0
FUK-CTS,2017,5,39024.0,54527.0
FUK-CTS,2017,6,40275.0,54938.0
FUK-CTS,2017,7,45684.0,56653.0
FUK-CTS,2017,8,49643.0,56542.0
FUK-CTS,2017,9,50472.0,56941.0
FUK-CTS,2017,10,54819.0,68405.0
FUK-CTS,2017,11,50614.0,74286.0
FUK-CTS,2017,12,49365.0,78861.0
FUK-CTS,2018,1,56997.0,80531.0
FUK-CTS,2018,2,52929.0,69134.0
FUK-CTS,2018,3,55471.0,71912.0
FUK-CTS,2018,4,39588.0,64161.0
FUK-CTS,2018,5,48069.0,67695.0
FUK-CTS,2018,6,50498.0,65840.0
FUK-CTS,2018,7,52298.0,67524.0
FUK-CTS,2018,8,55770.0,67702.0
FUK-CTS,2018,9,39723.0,62142.0
FUK-CTS,2018,10,49503.0,69337.0
FUK-CTS,2018,11,49572.0,76759.0
FUK-CTS,2018,12,49608.0,77924.0
FUK-CTS,2019,1,58111.0,79960.0
FUK-CTS,2019,2,54889.0,71609.0
FUK-CTS,2019,3,59543.0,78941.0
FUK-CTS,2019,4,42712.0,57450.0
FUK-CTS,2019,5,52786.0,63402.0
FUK-CTS,2019,6,51040.0,65687.0
FUK-CTS,2019,7,53754.0,72306.0
FUK-CTS,2019,8,55709.0,66413.0
FUK-CTS,2019,9,56509.0,64806.0
FUK-CTS,2019,10,56398.0,70399.0
FUK-CTS,2019,11,60721.0,76575.0
FUK-CTS,2019,12,54135.0,76945.0
FUK-CTS,2021,1,11873.0,31052.0
FUK-CTS,2021,2,8195.0,13672.0
FUK-CTS,2021,3,26726.0,47226.0
FUK-CTS,2021,4,23381.0,55623.0
FUK-CTS,2021,5,17924.0,55318.0
FUK-CTS,2021,6,14105.0,44052.0
FUK-CTS,2021,7,26730.0,47348.0
FUK-CTS,2021,8,27369.0,50634.0
FUK-CTS,2021,9,20603.0,46972.0
FUK-CTS,2021,10,35489.0,53267.0
FUK-CTS,2021,11,42675.0,60694.0
FUK-CTS,2021,12,49487.0,68977.0
FUK-CTS,2022,1,36482.0,63044.0
FUK-CTS,2022,2,22581.0,52598.0
FUK-CTS,2022,3,42474.0,62766.0
FUK-CTS,2022,4,33834.0,54515.0
FUK-CTS,2022,5,40599.0,57512.0
FUK-CTS,2022,6,42659.0,55619.0
FUK-CTS,2022,7,55421.0,70107.0
FUK-CTS,2022,8,56078.0,67329.0
FUK-CTS,2022,9,51877.0,60972.0
FUK-CTS,2022,10,58262.0,64833.0
FUK-CTS,2022,11,65319.0,82630.0
FUK-CTS,2022,12,64459.0,85787.0
FUK-CTS,2023,1,57396.0,76828.0
FUK-CTS,2023,2,63887.0,72434.0
FUK-CTS,2023,3,67896.0,76072.0
FUK-CTS,2023,4,48898.0,64529.0
FUK-CTS,2023,5,57304.0,68033.0
FUK-CTS,2023,6,57023.0,64144.0
FUK-CTS,2023,7,59420.0,66458.0
FUK-CTS,2023,8,65096.0,70225.0
FUK-CTS,2023,9,65074.0,69963.0
FUK-CTS,2023,10,64483.0,73624.0
FUK-CTS,2023,11,64140.0,80977.0
FUK-CTS,2023,12,67142.0,85963.0
FUK-CTS,2024,1,70028.0,89214.0
FUK-CTS,2024,2,73101.0,86586.0
FUK-CTS,2024,3,82371.0,97402.0
FUK-CTS,2024,4,58043.0,81169.0
FUK-CTS,2024,5,65939.0,83110.0
FUK-CTS,2024,6,64884.0,79419.0
FUK-CTS,2024,7,74038.0,86306.0
FUK-CTS,2024,8,74511.0,82009.0
FUK-CTS,2024,9,76924.0,85402.0
FUK-CTS,2024,10,81924.0,91826.0
FUK-CTS,2024,11,80519.0,103602.0
FUK-CTS,2024,12,79325.0,106337.0
FUK-CTS,2025,1,81235.0,106636.0
FUK-CTS,2025,2,82293.0,95610.0
FUK-CTS,2025,3,93909.0,106124.0
FUK-CTS,2025,4,65673.0,94397.0
FUK-CTS,2025,5,78126.0,97617.0
FUK-CTS,2025,6,76858.0,94660.0
FUK-CTS,2025,7,86776.0,108554.0
FUK-CTS,2025,8,98253.0,109637.0
FUK-CTS,2025,9,83936.0,94993.0
FUK-CTS,2025,10,89522.0,100131.0
FUK-CTS,2025,11,80538.0,92364.0
FUK-CTS,2025,12,75835.0,93415.0
FUK-OKA,2006,1,111227.0,172976.0
FUK-OKA,2006,2,111915.0,160732.0
FUK-OKA,2006,3,130293.0,177614.0
FUK-OKA,2006,4,102552.0,165801.0
FUK-OKA,2006,5,98172.0,172708.0
FUK-OKA,2006,6,94316.0,170326.0
FUK-OKA,2006,7,97811.0,175741.0
FUK-OKA,2006,8,124503.0,172675.0
FUK-OKA,2006,9,107754.0,164650.0
FUK-OKA,2006,10,114545.0,177571.0
FUK-OKA,2006,11,123360.0,178230.0
FUK-OKA,2006,12,110592.0,189300.0
FUK-OKA,2007,1,109862.0,187123.0
FUK-OKA,2007,2,116104.0,169299.0
FUK-OKA,2007,3,130513.0,184093.0
FUK-OKA,2007,4,107839.0,176519.0
FUK-OKA,2007,5,97508.0,178906.0
FUK-OKA,2007,6,98925.0,175983.0
FUK-OKA,2007,7,100123.0,174255.0
FUK-OKA,2007,8,135423.0,184211.0
FUK-OKA,2007,9,121288.0,176210.0
FUK-OKA,2007,10,119435.0,183275.0
FUK-OKA,2007,11,122267.0,178582.0
FUK-OKA,2007,12,108451.0,182887.0
FUK-OKA,2008,1,99475.0,181988.0
FUK-OKA,2008,2,116058.0,170001.0
FUK-OKA,2008,3,129135.0,195733.0
FUK-OKA,2008,4,106800.0,172821.0
FUK-OKA,2008,5,103850.0,178755.0
FUK-OKA,2008,6,100350.0,171179.0
FUK-OKA,2008,7,106951.0,178453.0
FUK-OKA,2008,8,132848.0,179784.0
FUK-OKA,2008,9,112403.0,170952.0
FUK-OKA,2008,10,114569.0,176131.0
FUK-OKA,2008,11,126007.0,171494.0
FUK-OKA,2008,12,106542.0,181823.0
FUK-OKA,2009,1,100791.0,179328.0
FUK-OKA,2009,2,101552.0,159623.0
FUK-OKA,2009,3,124781.0,193378.0
FUK-OKA,2009,4,98450.0,185995.0
FUK-OKA,2009,5,100046.0,190210.0
FUK-OKA,2009,6,98487.0,182417.0
FUK-OKA,2009,7,107005.0,187863.0
FUK-OKA,2009,8,129970.0,190274.0
FUK-OKA,2009,9,119197.0,184115.0
FUK-OKA,2009,10,104981.0,190676.0
FUK-OKA,2009,11,117456.0,190127.0
FUK-OKA,2009,12,108229.0,198829.0
FUK-OKA,2010,1,106563.0,197122.0
FUK-OKA,2010,2,110135.0,178110.0
FUK-OKA,2010,3,134043.0,196870.0
FUK-OKA,2010,4,111539.0,194361.0
FUK-OKA,2010,5,112404.0,193205.0
FUK-OKA,2010,6,112271.0,188563.0
FUK-OKA,2010,7,119591.0,193857.0
FUK-OKA,2010,8,143422.0,189360.0
FUK-OKA,2010,9,127000.0,176977.0
FUK-OKA,2010,10,112092.0,163339.0
FUK-OKA,2010,11,126486.0,163799.0
FUK-OKA,2010,12,112959.0,171571.0
FUK-OKA,2011,1,109234.0,170553.0
FUK-OKA,2011,2,111424.0,159799.0
FUK-OKA,2011,3,123172.0,178007.0
FUK-OKA,2011,4,104653.0,179342.0
FUK-OKA,2011,5,100527.0,184804.0
FUK-OKA,2011,6,102213.0,197851.0
FUK-OKA,2011,7,114837.0,215061.0
FUK-OKA,2011,8,147263.0,206685.0
FUK-OKA,2011,9,128316.0,204678.0
FUK-OKA,2011,10,132292.0,200040.0
FUK-OKA,2011,11,126551.0,185811.0
FUK-OKA,2011,12,115539.0,194987.0
FUK-OKA,2012,1,109667.0,192649.0
FUK-OKA,2012,2,114474.0,182923.0
FUK-OKA,2012,3,135417.0,196589.0
FUK-OKA,2012,4,113764.0,174855.0
FUK-OKA,2012,5,106249.0,175722.0
FUK-OKA,2012,6,102452.0,172533.0
FUK-OKA,2012,7,116846.0,203085.0
FUK-OKA,2012,8,136571.0,192338.0
FUK-OKA,2012,9,119303.0,178855.0
FUK-OKA,2012,10,123848.0,196177.0
FUK-OKA,2012,11,140029.0,188776.0
FUK-OKA,2012,12,119116.0,192669.0
FUK-OKA,2013,1,113142.0,190724.0
FUK-OKA,2013,2,119655.0,176787.0
FUK-OKA,2013,3,141801.0,194700.0
FUK-OKA,2013,4,115678.0,169183.0
FUK-OKA,2013,5,111056.0,167250.0
FUK-OKA,2013,6,110310.0,179842.0
FUK-OKA,2013,7,121034.0,204716.0
FUK-OKA,2013,8,149942.0,205240.0
FUK-OKA,2013,9,135099.0,196410.0
FUK-OKA,2013,10,120898.0,191478.0
FUK-OKA,2013,11,139010.0,173900.0
FUK-OKA,2013,12,123668.0,179924.0
FUK-OKA,2014,1,118850.0,180170.0
FUK-OKA,2014,2,121213.0,161638.0
FUK-OKA,2014,3,144551.0,180296.0
FUK-OKA,2014,4,114738.0,177662.0
FUK-OKA,2014,5,117065.0,182281.0
FUK-OKA,2014,6,116752.0,175486.0
FUK-OKA,2014,7,127742.0,180829.0
FUK-OKA,2014,8,146880.0,198126.0
FUK-OKA,2014,9,137297.0,185627.0
FUK-OKA,2014,10,121696.0,182140.0
FUK-OKA,2014,11,146610.0,207219.0
FUK-OKA,2014,12,130409.0,212088.0
FUK-OKA,2015,1,132554.0,213956.0
FUK-OKA,2015,2,127286.0,175261.0
FUK-OKA,2015,3,156222.0,192800.0
FUK-OKA,2015,4,130853.0,196812.0
FUK-OKA,2015,5,124657.0,198542.0
FUK-OKA,2015,6,120455.0,193217.0
FUK-OKA,2015,7,132395.0,204429.0
FUK-OKA,2015,8,151853.0,216818.0
FUK-OKA,2015,9,154124.0,215027.0
FUK-OKA,2015,10,150568.0,218371.0
FUK-OKA,2015,11,152379.0,202211.0
FUK-OKA,2015,12,140999.0,210174.0
FUK-OKA,2016,1,136182.0,203292.0
FUK-OKA,2016,2,140948.0,205079.0
FUK-OKA,2016,3,167295.0,224632.0
FUK-OKA,2016,4,129410.0,215578.0
FUK-OKA,2016,5,126330.0,227180.0
FUK-OKA,2016,6,129580.0,211855.0
FUK-OKA,2016,7,143224.0,222707.0
FUK-OKA,2016,8,164309.0,226490.0
FUK-OKA,2016,9,152085.0,207607.0
FUK-OKA,2016,10,150486.0,213373.0
FUK-OKA,2016,11,161213.0,207719.0
FUK-OKA,2016,12,153596.0,212545.0
FUK-OKA,2017,1,147406.0,214892.0
FUK-OKA,2017,2,143719.0,190206.0
FUK-OKA,2017,3,178334.0,215760.0
FUK-OKA,2017,4,151728.0,207709.0
FUK-OKA,2017,5,149037.0,219915.0
FUK-OKA,2017,6,152260.0,213912.0
FUK-OKA,2017,7,162880.0,230065.0
FUK-OKA,2017,8,183819.0,237622.0
FUK-OKA,2017,9,162978.0,220180.0
FUK-OKA,2017,10,157425.0,212330.0
FUK-OKA,2017,11,173509.0,214111.0
FUK-OKA,2017,12,159052.0,218487.0
FUK-OKA,2018,1,147195.0,216704.0
FUK-OKA,2018,2,148629.0,193845.0
FUK-OKA,2018,3,173271.0,216198.0
FUK-OKA,2018,4,152322.0,212014.0
FUK-OKA,2018,5,143241.0,218184.0
FUK-OKA,2018,6,147578.0,210420.0
FUK-OKA,2018,7,147077.0,203822.0
FUK-OKA,2018,8,172383.0,215663.0
FUK-OKA,2018,9,153986.0,191876.0
FUK-OKA,2018,10,155360.0,206055.0
FUK-OKA,2018,11,170030.0,208230.0
FUK-OKA,2018,12,158821.0,217577.0
FUK-OKA,2019,1,151010.0,213238.0
FUK-OKA,2019,2,151220.0,195020.0
FUK-OKA,2019,3,176070.0,216502.0
FUK-OKA,2019,4,157176.0,210725.0
FUK-OKA,2019,5,151575.0,218384.0
FUK-OKA,2019,6,145262.0,209834.0
FUK-OKA,2019,7,159281.0,216128.0
FUK-OKA,2019,8,181475.0,214354.0
FUK-OKA,2019,9,150366.0,201354.0
FUK-OKA,2019,10,167774.0,221204.0
FUK-OKA,2019,11,170269.0,210587.0
FUK-OKA,2019,12,161213.0,217678.0
FUK-OKA,2021,1,49990.0,123079.0
FUK-OKA,2021,2,39859.0,69749.0
FUK-OKA,2021,3,94990.0,152761.0
FUK-OKA,2021,4,74931.0,158371.0
FUK-OKA,2021,5,52741.0,128136.0
FUK-OKA,2021,6,43820.0,124635.0
FUK-OKA,2021,7,66371.0,134580.0
FUK-OKA,2021,8,65918.0,169468.0
FUK-OKA,2021,9,51502.0,133723.0
FUK-OKA,2021,10,88732.0,144755.0
FUK-OKA,2021,11,117951.0,204494.0
FUK-OKA,2021,12,131425.0,217446.0
FUK-OKA,2022,1,68917.0,194194.0
FUK-OKA,2022,2,55876.0,120868.0
FUK-OKA,2022,3,122941.0,189762.0
FUK-OKA,2022,4,115465.0,210232.0
FUK-OKA,2022,5,115164.0,225686.0
FUK-OKA,2022,6,124674.0,226239.0
FUK-OKA,2022,7,146484.0,247510.0
FUK-OKA,2022,8,153082.0,253398.0
FUK-OKA,2022,9,126236.0,224540.0
FUK-OKA,2022,10,172095.0,254420.0
FUK-OKA,2022,11,178155.0,233331.0
FUK-OKA,2022,12,176007.0,252434.0
FUK-OKA,2023,1,143234.0,241594.0
FUK-OKA,2023,2,158530.0,216224.0
FUK-OKA,2023,3,200459.0,243338.0
FUK-OKA,2023,4,165428.0,243021.0
FUK-OKA,2023,5,162457.0,250537.0
FUK-OKA,2023,6,159568.0,231935.0
FUK-OKA,2023,7,166349.0,235602.0
FUK-OKA,2023,8,162592.0,198298.0
FUK-OKA,2023,9,164198.0,242394.0
FUK-OKA,2023,10,194438.0,249765.0
FUK-OKA,2023,11,185979.0,233363.0
FUK-OKA,2023,12,171583.0,240756.0
FUK-OKA,2024,1,155694.0,232217.0
FUK-OKA,2024,2,168826.0,224528.0
FUK-OKA,2024,3,204095.0,251383.0
FUK-OKA,2024,4,168160.0,232255.0
FUK-OKA,2024,5,162654.0,249044.0
FUK-OKA,2024,6,161367.0,250277.0
FUK-OKA,2024,7,179806.0,241407.0
FUK-OKA,2024,8,211806.0,239688.0
FUK-OKA,2024,9,173818.0,249539.0
FUK-OKA,2024,10,202927.0,257320.0
FUK-OKA,2024,11,188891.0,233470.0
FUK-OKA,2024,12,185761.0,240449.0
FUK-OKA,2025,1,169898.0,240842.0
FUK-OKA,2025,2,174343.0,216558.0
FUK-OKA,2025,3,204662.0,240706.0
FUK-OKA,2025,4,178460.0,235524.0
FUK-OKA,2025,5,170076.0,243022.0
FUK-OKA,2025,6,168768.0,235246.0
FUK-OKA,2025,7,185151.0,242563.0
FUK-OKA,2025,8,221654.0,246581.0
FUK-OKA,2025,9,189548.0,235163.0
FUK-OKA,2025,10,214362.0,245041.0
FUK-OKA,2025,11,209098.0,244870.0
FUK-OKA,2025,12,194030.0,250051.0
